,A,AAAAAAAAAT,AAAAAAATTTAAAAAATTT,AAAAAATAT,AAAAAATTT,AAAAATAAAT,AAAAATTTAAT,AAAAT,AAAATAATT,AAT,AATT,AT,AAAAAAAAAAC,AAAAAAAAAC,AAAAACAATAATAATTAAC,AAAATTAATAAATTCAATG,AAAAAAAAC,AAAAATAAC,AAAATAAAG,AAAAAAAAAAGAAAAAG,AAAAAATTTTCTTGTTT,AAAATACAAATACAAAT,AAAAAAAC,AAAATTAAATTGAAG,AAAAAAAAACAAAC,AAAAAAC,AAAAAGT,AACTATT,AATCTAT,AAAATGTTTGTAAAATTTTG,AAAAAAAACAAC,AAAAAC,AAAAAG,AAAAATAACAAC,AAAAATAAGAAC,AAAAATAAGAATAAGAAC,AAACTTAATTTC,AAATAC,AAGAAT,AAAAAAATGACTTAAGT,AAAACTAAACT,AATATATACGT,AAAAAAGAAAAGAATG,AAAAAAGATAGAATG,AAAAAATCTG,AAAAC,AAAAG,AAAATAGAACAGAAT,AAACT,AAATG,AAGAT,AATAG,AATCT,AATGT,AATGTAATGTAATGTCATAT,AAAAAAACATCGTAAATGT,AAAATAACGTGTTAAGTTT,AAAATTTCGAATAACGAAT,AAAATGAATACATC,AACAACAACATATT,AAGAATACT,AGATATATC,AAATCATTTGTGT,AAAAACCAAAATCAAAC,AAAAGTAGAACTTTTCT,AAAAGTAGAACTTTTGT,AAAAGTTCTACTTTAAG,AAAATAAATGGTACTAC,AAAAAGAG,AAAATAGG,AAAATGAAATGC,AAAATTGG,AAAC,AAAG,AACAAGAATAAG,AATC,AATG,AATTACTC,ACAT,AGAT,AAAAAAATGACAACG,AAAATAGGAAATAGG,AAAAAAACCAC,ACTCTATCTAT,AAAATTGAAGGAAGATAG,AAATGAATTAGGAAGATG,AAATTTCTATCTTCCTTC,AACAAGAACAAGAATAAG,AAGAATGAATGATGAATG,AAAAGGT,AAAAGTG,AAACACACAATTCT,AAACCATCAACAAT,AAATAGG,AAGATAG,AATGATG,ACTCTAT,AAAAAGAAGATAGTAGG,AAAAGTAGAACTTTGGT,AAAACAGAGACAGTTATTTC,AAAATCTTTGAATCTAAGCC,AAAATTGGAACAATTGGAAC,AATATAATGGAATGGAATGG,AATGGAATTG,AAGATCTATAGAG,AAAAAGAAGGAGATAG,AAAATAGGGAAATAGG,AACATGTTCTTATGTCAAG,AAAAAGATGTGG,AAAAATCCC,AAAACAAAGACG,AAAGAAGAAGAAGAAGAC,AAAGAGAACATC,AAATAGGAAATAGGG,AAATGGAATGGAATG,AAC,AACAACAACATC,AACAAG,AACAAGAACAAGAAGAAG,AACAATTGG,AACTAC,AACTACTAC,AAG,AAGAAGAAGTAG,AAGAAGTAG,AAGAATGATGAATGGGAT,AAGAGATTC,AAGATGATG,AAGATGGAATGAATTAGG,AATGGAATGGAATTG,ACCTACTAT,ACT,ATC,AAAGTTAACCCGTTAATCTG,AACATAACCTAACCTAACCT,AATAGAATGGAATGGAATGG,AATCTCATAGAATCTCGTAG,AATGGAATGGAATGGAATTG,AAAAGTGCAAAATCTGG,AATCTGTAATGGAATGG,AAAACGAAAGG,AAAAGAGG,AAAATGAGGTGGTTAC,AAATAGGG,AACATAGG,AAACACTTGGTCT,AACGATTCGAATC,AATCAGTGTCTAC,AATGACAGAGATG,AAACCAACCACAACAACT,AACAACAACAACAAGACC,AACTACTACAACTCCTTC,AAGATCTGGATGAAGATG,AAAAACCGAGAAACC,AAAAATCAACGCTGC,AAACACGTTC,AAACC,AAACCTAACCTAACCTAACC,AAAGCTTCAC,AAAGG,AAAGGCAACAACAGT,AAATACGAAGCTCCT,AAATACGAGACTCCT,AACAACAACTACTCC,AACAG,AACAGAACAGAACAG,AACAGAACAGCACAGATTAG,AACCT,AACCTAACCTAACCTATCCT,AACCTAACCTATCCT,AACTACTATGAAGCC,AAGAG,AAGAGCACAT,AATGG,ACACT,ACTCTCTCATCTCAT,AGGAT,AAAATTTGACTGGGCAG,AAATCAAGGCTGTCTAG,AATCTGGAATGGAATGG,AATCTGGTATGGAATGG,AAAAAGAGGAGG,AAAAAGCCAGAC,AACAACACCTAC,AACAACTACACC,AACAACTACTCC,AACTACTACACC,AAGAGAAGAGAG,AAGAGGGAGAAT,AATACCGACTGT,AATCTGGAATGG,AATGTCTACACC,AACCAACCTAACCTAACCT,AAGCACATGTGCTTATGTC,AAAAGGC,AAACCCT,AAAGGTC,AAGAGAG,AATCTGG,ACCCTAT,ACGATAG,AAGGATAGGATCTGGT,AAACAACGC,AAACTCCGTAGCAGAATC,AAAGAGGAG,AACAACAACCGAAGAACC,AACAACAGC,AACAACCAC,AACAACCACTACTACACC,AACAACCACTACTACTCC,AACAGAGTC,AAGAAGAGG,AAGAAGGAG,AAGGAATGG,AAGGTCAGAGTCCTGATT,AAGTATTACTCTGCCCTG,AAGTGGAGT,ACCCCTACTACTACTACT,AAACAACCACGGCGTTAATG,AAACATCCACGGCGTTAATG,AACAGAACAGAACAGCACAG,AACCCAACCTAACCTAACCT,AACCTAACCTAACCTACCCT,AACAGAGAGTC,AACACGTTGAGTG,AATGACATGACGG,ACACTACCAGAGT,AAAAAGAGGAGGAGC,AAAAAGAGGAGGAGG,AAACAACCTTCGCAC,AAATACGAGGCTCCT,AACAACAACAGCAGC,AACAGAACAGCACAG,AACCCAACCTAACCT,AACCTAACCTACCCT,AACCTCAAGTTGCTG,AACTACTACACCGAC,AAGAAGGAGAAGGAG,AAGCTGGAGGAGAAT,ACCATCATAGAGGAG,ACCCCTACTACTACT,ACTGATGCTCCTATC,AAAAGCAAAGCCAGAGC,AAAATCGTGCGTAGCAC,AAACCCTACTGGGTTGT,AAACCCTAGTGGGTTGT,AAAGCGTATCCCACAAC,AAGCTGGAATGGAATGG,AACAACATGACGGTGGATC,AAAAACGCCAAAGCCGAC,AAAAAGAGGAGGAGGAGC,AAAAAGAGGAGGAGGAGG,AAAAGAGCACAGGAGAGCAC,AAACAACAACCACCGAGG,AAACAGCCACGGCGTTAATG,AAACCAACTGTCGCTTCC,AAACGGTGTAGTAGCTGG,AAACTCTTCGACCCGATC,AAACTGACAACCACACGC,AAAGAGGAGGAG,AAAGCCTGTAGGTCCAGT,AAAGTGAAGACGACGCTG,AAATTCAGTCGTTGGTCCCC,AAATTCTGCCTAGGCAACGC,AAATTGGCGTGCTCTGGTGT,AACAACAACAGCAGCAGC,AACAACAAGCCC,AACAACAGCACC,AACAACAGCAGC,AACAACAGCCACAACTGC,AACAACAGCGAC,AACACAGGAG,AACACCCATTACCC,AACACCGAACATCG,AACAGAACAGCACAGCACAG,AACAGCACAG,AACAGG,AACAGGAGAG,AACCAC,AACCACAATAGCTCCTGC,AACCACAGAGTC,AACCACCAACTG,AACCACTACACC,AACCAGGTATGC,AACCCAACCCAACCTAACCT,AACCCAACCT,AACCCT,AACCTACCCT,AACCTAGCCT,AACCTC,AACCTCCAACTG,AACCTTACGGCTATGGTC,AACGAC,AACTACTACCCC,AACTAGACCGAC,AACTAGACGATGACGACG,AACTCCACGATC,AACTGG,AACTTCCAGTGACC,AAGAAGACGAGC,AAGACCTGGATG,AAGACG,AAGCAG,AAGG,AAGGAG,AAGGAGAG,AAGGGAGATTACCTGGAC,AAGTACCTATGCCACAGC,AAGTCCATGCTC,AATCACTATCGCGGAGACTG,AATGAGGAGGAG,AATGCACGCCAGAGCAATTC,AATGCACGTC,AATTCACACCAGAGCACGTC,AATTCACACCAGAGTACGCC,AATTCATACCAGAGCACGCC,AC,ACACCATCCACT,ACACCGACTCTACT,ACACCTAGCT,ACAG,ACAGAG,ACAGGAGAGT,ACAGTCCAGT,ACCACCTACT,ACCACT,ACCACTACTGCTGCTACT,ACCATC,ACGACTCCTATC,ACGAGTAGTAGC,ACTACTCCATCC,ACTC,ACTGGCTCATCT,AG,AGCATG,ATCC,AATTACACCAGAGCACGCC,AATCTGGACTGGACTGG,AAAGAGGAGGAGGAG,AAAGTACGAAGCCCC,AAATACGAGGCCCCT,AACAGCACAGCACAG,AACCCAACCCAACCT,AACCCCTACTACTCC,AACCTCCTTCTCCTC,AACCTTCTCCTCCTC,AACGGCGTGGTAGTT,AACTACACCGACCAC,AACTGATCGGAGTCG,AACTGCTGGAACTGG,AAGCTACTCTGCTCC,AAGCTCCCATCACTG,AAGTACGAGACTCCC,AAGTACGAGGCACCT,AATGAGGAGGAGGAG,ACACACCTCCTGCAT,ACACCACTCCATCCT,ACACCGACCACTACT,ACACTACTCCAGCCT,ACAGGTACTCCATCC,ACCACTACTACCCCT,ACTGCAGAGAG,AAAAGACCAAGGCACGAGGC,AAAAGAGCACGCCAGTGCAC,AAAAGCACGCCAATGCACGC,AAACCACAGGAGACCACAGG,AAACCAGTGCACGCAAGAGC,AAAGGCAACTTGCTCCGCAG,AAAGGTTCGCCAAGGTTCGC,AAAGTTCGCCAAGGTTCGCC,AAATCACACCAGAGCACGCC,AAATGCACGCCAGAGCACGT,AACACAGGAGAGCACAGGAG,AACAGCACAGCACAGCACAG,AACATTGGCGAACCTTGGCG,AACCCAACCCAACCCAACCT,AACCTTGGAGAACCTTGGCG,AACCTTGGCGAACCTTGTCG,AACGCCAGAGCACGTCAATG,AACGTGCACTGGCTTGCACT,AACGTGCATTGGCGTGCTCT,AACGTGCTCTGGCGTGCATT,AACGTGCTCTTGCGTGCACT,AACTACTACACCGAGGCTCC,AACTTGCACTGGCGTGCTCT,AAGAGCACAGGAGAGCACAG,AAGAGCACGTCAATGCACGC,AAGCTAGAGCATGCCAGAGC,AAGCTTCGCCAATCATCGCC,AAGTCAATGCACGCCAGAGC,AAGTGCACGCCAGTGCATTC,AATAGAGCACGCCAGAGCAC,AATCACTATCGCGGAGACCG,AATCTGGCGTGCATTGGCGT,AATGCACATCAGAGCACGCC,AATGCACGCCAGAGCATGTC,AATGCACGCCAGTGCATGTC,AATTCACACCAGAGCACGCC,ACACCGAGTCTCCAGCTACT,ACAGGAGAGCACAGGAGAGT,AACAACAGCAGCAGCAGC,AACAACGCC,AACACCCCCAACCACTAC,AACCAACGC,AACCACCATAGCTCCTGC,AACCCCACCAATCCTACC,AACCTCCTACTCCGCATC,AACCTCCTC,AACTACCCC,AACTGCTGG,AACTGGACGACGAAGACG,AACTGGGGATCAAGGACC,AACTGGTCAAGCAGGTCC,AACTTATCCAGCTCCGGC,AAGAGGAGG,AAGATGGTGACGACGCTG,AAGGAGGAG,AAGGAGGTGAAGGTGGTG,AAGGTGGTG,AATCCCGTAGGTCCTGTG,AATGAGGAGGAGGAGGAG,ACACACACG,ACACCGTCGTACAGTACG,ACATCGACG,ACGAGTAGC,ACGATCTCC,ACTACTCTGCTCCCAGCT,AGCATGAGCATGAGCCTG,AACGGCGACACTAG,AAGGCTG,ACGCCCAGTCTACT,ACTGCCT,AACAGGAGCTGG,AACCACTACCCC,AACCAGGCATGC,AACCCGAACGAC,AACCCGAACGTC,AACCGATGCACC,AACCTCCTCCTC,AAGACGAGGAGG,AAGCAGGCCACT,AAGCCCGACTAC,AAGCCGGAGTAC,AATACAGCCGCC,ACACCGACCACT,ACCACGACTCCT,ACCCCATCCACT,ACCGACGACTAG,ACCGATGCTCCT,ACCTCCAGTAGC,ACGAGTAGCAGC,ACGATCTCCTCC,ACGCTCCTAGCT,AGCATGAGCCTG,AAAGGCAGGTCGGAGTG,AAGGCACCTGAAGGCTG,ACACCACGACCTACGCT,AAAACGCCAGTGCACGCCAG,AAACCGGGGCGGAAT,AAACGCCAGAGCACGCCAGT,AAACGCCAGTGCACGCCAGT,AAACGGTCCGTCACC,AAACTGGCGTGCACTGGCGT,AAACTGGCGTGCTCTGGCGT,AAACTGGCGTGCTGTGGCGT,AAAGAGCACGCCAGTGCACG,AAAGCACGCAAGTGCACGCC,AAAGCACGCC,AAAGCACGCCAATGCACGCC,AAAGCACGCCAGTGCACGAC,AAAGTGCACGCCAGAGCACG,AAAGTGGGAGGGGAG,AAATGCACGCCAGAGCACGC,AAATGCACGCCAGTGCACGC,AACAGTGCACGCCAGAGCAC,AACCATGGCG,AACCATGGCGAACCTTGGCG,AACCC,AACCCAACCCAACCCTACCC,AACCCTACCC,AACCGGTGTCAGAGG,AACCTCCTCCTCCTC,AACCTTGGCC,AACCTTGGCCAACCTTGGCG,AACCTTGGCG,AACCTTGGCGAACCTTGGGG,AACCTTGGCGAAGCTTGGCG,AACCTTGGCGATCCTTGGCG,AACGACAGTGCACGCCAGTG,AACGCCAGAGCACGCCAATG,AACGCCAGAGCACGCCAGTT,AACGCCAGAGCACGTCAGTG,AACGCCAGTG,AACGCCAGTGCACGCAAGAG,AACGCCAGTGCACGCTAGAG,AACGGCCTAACGGCCTCAAG,AACGGTACGG,AACGGTACGGTACGGTACGG,AACGTCACTGGCCTG,AACGTGCTCTGGCGTGCACT,AACTGACGTGCTCTGGCGTG,AACTGGAGCCTCGGGGTAGT,AACTGGCGTGCTCTGGTGTG,AAGAGCACACCAGTGCACGC,AAGAGCACGC,AAGAGCACGCAAGTGCACGC,AAGAGCACGCCAATGCACGC,AAGAGCACGCCAGTGCATGC,AAGAGCACGCTAGTGCACGC,AAGAGCACTCCAGTGCACGC,AAGAGCATGCCAGTGCACGC,AAGAGGACCG,AAGCACTGTCGTGCTCTGGC,AAGCAGGGGGGCTAT,AAGCCAATGCACGCCAGAGC,AAGCCAGTGC,AAGCCCAGCATACCC,AAGCCGGAGCAGAGT,AAGCCGGAGGAGTGT,AAGCGAGGCGTATCCGAGAG,AAGCGGTCTCCGCGATAGTG,AAGCTCCAGCCTACC,AAGCTTCGCC,AAGCTTCGGC,AAGGATCGCC,AAGGCTCGAAGGGCT,AAGGG,AAGTACGAGGCTCCC,AAGTCGTGACTCCCG,AAGTGCACGC,AAGTGCACGCCAGAGCACGT,AAGTGCACGCTAGAGCACGC,AAGTGCACGTCAGAGCACGC,AAGTGCTCTGGCGTGCACTG,AATACTCTGCCCCGG,AATAGCGTGCTCTGGCGTGC,AATCCACACCAGAGCACGCC,AATCCCAGCGCCTGT,AATCTCGGCCCACCTGACTG,AATGCACACCAGAGCACGCC,AATGCACGCACGAGCACGTC,AATGCACGCC,AATGCACGCCAGAGCACGGT,AATGCACGCCAGAGCACGTC,AATGCACGCCAGAGCATGCC,AATGCACGCCAGAGTACGCC,AATGCACGCCAGTGCATGCC,AATGCACGCCATAGCACGCC,AATGCACGCTAGAGCACGCC,AATGCATGCCAGAGCACGCC,AATGCATGCCAGTGCACGCC,AATGCTCTGGCGTGCACTGG,AATTCACACCAGAGCCCGCC,AATTCACCCCAGAGCACGCC,AATTCACGCCAGAGCACGCC,ACACACACCC,ACACACCTCCGGCAT,ACACACCTCCTGCGT,ACACCACTCCAGCCT,ACACCAGTACACGCCAGAGC,ACACCAGTGCATGCCAGTGC,ACACCGACGCTCCAGCTACT,ACACCGAGCCTCCAGCTACT,ACACCGAGGCTCCAGCTACT,ACACCGAGGCTCCAGCTAGT,ACACCGAGGCTCCTGCTACT,ACACTAGTGCACGCCAGAGC,ACACTATCGCGGAGACCGCT,ACAGAGCACG,ACAGAGCACGACAGTGCACG,ACAGAGGAGAGAGCG,ACAGC,ACAGGAGACC,ACAGGAGACCACAGGAGAGC,ACAGGAGAGC,ACCAG,ACCCT,ACCGAGAGAG,ACGAGAGGCTCAGCT,ACGATAGTGCACGCCAGAGC,ACGCATATGCACGCCAGAGC,ACGCCAGAGCATGCTAGTGC,ACGCCAGATC,ACGCCAGTGCACGCTATAGC,ACGCCATAGC,ACGCTAGAGC,ACGGGAGTAGTGGAG,ACTGC,ACTGCACTGG,ACTGG,ACTGGCATGC,AGCCTCATCCATCCC,AGGAGGAGGAGGATG,ATCCC,AAAGGCGTTGGAGCTGCC,AACAACGGGGTCGTGGTC,AACAGGAGCAGCCACTGG,AACCAAGGACCACCAGGC,AACCCACCACACTACCCC,AACCTCCTCCTCCTCCTC,AACCTGAGCCTGAGCCTG,AACCTGGTGCTGCTGGAG,AACGAAGGGACCCAAGCC,AAGCCAGTGCAGCAAGGC,AAGGGTAGTGGGTAGGGG,AATACCCTCCTCAGCCGG,AACCAACGTGGCG,AAGCCAGTGCAGC,ACACCCGGCTACT,ACAGCGTCACCTG,AACCCCTGTCCCATCC,AAGGCCAG,ACACGTCC,AAGATGGCCCGAATGGGCC,AAGATGGCCCGTATGGGCC,AACGGAGGAGG,AAGCGAGTGCG,ACACTGGCTACCCG,AAGCAGGTCGGGCCAGT,AAGCGCCTCGTGCTCAG,ACACCACGGCCTACGCT,AAACGGGGTTCGCCGTCACC,AAACGGGGTTCGCCGTCAGC,AAAGCACGCCAGAGCACGCC,AAAGCACGCCAGTGCACGCC,AACACGCCAGAGCACGCCAG,AACACGCCAGTGCACGCCAG,AACAGCACGCCAGTGCACGC,AACCCTGGCGAACCTTGGCG,AACCTCTGGCGTGCACTGGC,AACCTGGGCGAACCTTGGCG,AACCTTGGCGACCCTTGGCG,AACCTTGGCGAGCCTTGGCG,AACCTTGGCGCACCTTGGCG,AACCTTGGCGGACCTTGGCG,AACGCCAGAGCACCCCAGTG,AACGCCAGAGCACGCCAGAG,AACGCCAGAGCACGCCAGTG,AACGCCAGTGCACGCCAGAG,AACGCCAGTGCACGCCAGTG,AACGGCACGGAACGGTACGG,AACTGGCGAGCTCTGGCGTG,AACTGGCGTGCACTGGCGTG,AACTGGCGTGCTCTGGCGAG,AACTGGCGTGCTCTGGCGTG,AAGAGCACGCCAGAGCACGC,AAGAGCACGCCAGTGCACGC,AAGAGCACGCCAGTGCACGG,AAGCACTGGCGTGCTCTGGC,AAGCCAGAGCACGCCAGAGC,AAGCCAGAGCACGCCAGTGC,AAGCCAGTGCACGCCAGAGC,AAGCCAGTGCACGCCAGTGC,AAGCTCTGGCGTGCACTGGC,AAGCTCTGGCGTGCTCTGGC,AAGTGCACGCCAGAGCACGC,AAGTGCACGCCAGAGCTCGC,AAGTGCACGCCAGTGCACGC,AATCCACCCCAGAGCACGCC,AATGCACGCCACTGCACGCC,AATGCACGCCAGAGCACGCC,AATGCACGCCAGAGCACGGC,AATGCACGCCAGTGCACGCC,AATGGCGTGCACTGGCGTGC,AATGGCGTGCTCTGGCGTGC,ACACCAGAGCACGCCAGAGC,ACACCAGAGCACGCCAGTGC,ACACCAGTGCACGCCAGAGC,ACACCAGTGCACGCCAGTGC,ACACCGAGGCCCCAGCTACT,ACACCGAGGCTCCAGCTGCT,ACACGCCAGAGCACGCCAGT,ACACGCCAGTGCACGCCAGT,ACACTGGCGTGCACTGGCGT,ACACTGGCGTGCTCTGGCGT,ACAGAGCACGCCAGAGCACG,ACAGAGCACGCCAGTGCACG,ACAGTGCACGCCAGAGCACG,ACATGCGTGCTCTGGCGTGC,ACCCCGAGGCTCCAGCTACT,ACCCTAGTGCACGCCAGAGC,ACCGTGCTCTGGCGTGCTCT,ACGAGTACGCCAGTGCACGC,ACGCATGAGCACGCCAGTGC,ACGCCAGAGCACGCCAGATC,ACGCCAGAGCACGCTAGAGC,ACGCCAGAGCACGCTAGTGC,ACGCCAGAGCACGTCACTGC,ACGCCAGAGCACGTCAGTGC,ACGCCAGAGCACTCCAGTGC,ACGCCAGAGCATGCCAGAGC,ACGCCAGAGCATGCCAGTGC,ACGCCAGAGTACGCCAGTGC,ACGCCAGATCACGCCAGTGC,ACGCCAGTGCACGCCATAGC,ACGCCAGTGCACGCTAGAGC,ACGCCAGTGCACGCTAGTGC,ACGCCAGTGCACGTCAGAGC,ACGCCAGTGCACGTCAGTGC,ACGCCAGTGCACTCCAGAGC,ACGCCAGTGCATGCCAGAGC,ACGCCAGTGCATGCCAGTGC,ACGCCAGTGCATGGCAGAGC,AACAGCCCC,AACCGACGCACC,AACGCTGGTCCC,AACGGACGTTGGGCG,AACGGCGTACCC,AACGGGCGTGAAGGG,AACGTCCGGTAGCCC,AACGTCGCTGGCCTG,AACTCCGCC,AAGCCACGC,AAGCCGGGGCAGAGT,AAGGCGGTG,AAGTCCTCCGACGCC,AAGTCGCCGAGG,AATACCCCCCTCAGCCGG,AATCCGTCGACCACCGCC,AATCCTCTGCCCCGG,ACACGGCAG,ACACTCCACCGGCCT,ACAGCAGCCGATGCAGCC,ACC,ACCACGGTAGGC,ACCACGTCC,ACCAGC,ACCATCCCCTCCCTC,ACCGCTGCCACTGCTGCT,ACCGTGGAGGAG,ACCTGC,ACG,ACGACGAGG,ACGGAGTGGCAGCAGCAG,ACGGCCGCTGCTACT,ACTCTGCCCCAGCCT,ACTGCTGCC,AGAGCG,AGC,AGCAGG,AGCCCCTCCGCCATATCC,AGCCTG,AGCTCC,AGG,AAGAGGGCCCGAATGGGCC,AAGATGGCCCGCATGGGCC,AAGATGGCCCGGATGGGCC,ACGCAGAGCACGCCAGAGC,ACGCAGAGCACGCCAGTGC,ACGCAGTGCACGCCAGAGC,ACGCCAGAGACGCCAGTGC,ACGCCAGTGCAGCCAGAGC,AACTCGGCCCACCTGG,ACCTGGATCTCGGCCC,ACGAGCGGAGAGAGCC,ACGAGCGGAGAGAGCG,AAGCCAGGGCAGC,ACTGGCTCGCTGC,AACCCACCCC,AACGGCCTGACGGCCTCGAG,AAGAGCACGCCAGGGCACGC,AAGAGCACGCCAGTGCCCGC,AAGAGCCCGCCAGTGCACGC,AAGGCTCGCC,AAGGGCACGCCAGTGCACGC,AAGGGTCGCC,AAGTGCACGCCGGAGCACGC,AAGTGCCCGCCAGAGCACGC,AATGCACGCCAGTGCCCGCC,ACACGCCAGAGCACGCCAGG,ACAGCACGCC,ACAGCACGCCACTGCACGCC,ACAGCACGCCAGAGCACGCC,ACAGCACGCCAGTGCACGCC,ACAGGCGTGCACTGGCGTGC,ACAGGCGTGCTCTGGCGTGC,ACCACGCCAG,ACCACGCCAGAGCACGCCAG,ACCACGCCAGTGCACGCCAG,ACCAGAGGGC,ACCCCAGAGC,ACCCCAGAGCACGCCAGTGC,ACCCCAGTGCACGCCAGAGC,ACCCCAGTGCACGCCAGTGC,ACCTCTGGCGTGCACTGGCG,ACGAGCACGCCAGTGCACGC,ACGCACGTGCACGCCAGAGC,ACGCAGGAGCACGCCAGTGC,ACGCCACTGCACGCCAGAGC,ACGCCACTGCACGCCAGTGC,ACGCCAGAGC,ACGCCAGAGCACGCCAGTCC,ACGCCAGAGCACGCCAGTGC,ACGCCAGAGCACGCGAGTGC,ACGCCAGAGCACGGCAGTGC,ACGCCAGAGCACGGCTCTGC,ACGCCAGAGCAGGCCAGTGC,ACGCCAGAGCTCGCCAGTGC,ACGCCAGAGGACGCCAGTGC,ACGCCAGGGCTAGCCAGAGC,ACGCCAGTGC,ACGCCAGTGCACGCCCATGC,ACGCCAGTGCACGCCTGAGC,ACGCCAGTGCACGCGAGAGC,ACGCCAGTGCACGCGAGTGC,ACGCCAGTGCACGGCAGAGC,ACGCCAGTGCACGTCAGGGC,ACGCCAGTGCAGGCCAGAGC,ACGCCAGTGCCTGCCAGAGC,ACGCCAGTGCTCGCCAGAGC,ACTGGCATGCACTGGCGGGC,ACACCACGGCCTGCGCT,ACACCGCGGCCTACGCT,ACCGGAG,ACGAGCG,ACCCGTGCTACCGACGCC,ACCGCTGCCACCGCTGCT,AGCAGCAGCAGCAGCCGC,AACGCCCTGGGTGGC,ACCACCCGCCCAGCT,ACCGGCCTACTCCGC,ACCGGGATGGCCTCC,ACGAGCGGCGGAGAGAGCG,ACGCCAGAGCACGCCGTGC,ACGCCAGTGCACGCCGAGC,ACGGCGGAGAGAGCGAGCG,AACAGGGGCGGC,AACCGACGCCCC,ACCACCGGGTCC,ACCCCCGCCTGAGCTCGCTC,ACCCGACCCGACCCGACTCG,ACCCGGATCTCGGCCC,ACCGACCGACGC,ACCGGCGTGCACTGGCGTGC,ACCGGCGTGCTCTGGCGTGC,ACCGGCTCCTCG,ACCGTGGCTCCC,ACGAGCACGCCAGCGCACGC,ACGCCAGAGCACGCCAGCGC,ACGCCAGAGCACGCCAGGGC,ACGCCAGAGCACGCCCGAGC,ACGCCAGAGCACGCCCGTGC,ACGCCAGAGCCCGCCAGAGC,ACGCCAGAGCCCGCCAGTGC,ACGCCAGCGCACGCCAGTGC,ACGCCAGGCCACGCCAGTGC,ACGCCAGTGCACGCCCGAGC,ACGCCAGTGCACGCCGGAGC,ACGCCAGTGCCCGCCAGAGC,ACGCCAGTGCCCGCCAGTGC,ACGCCAGTGCGCGCCAGAGC,AGCAGCAGCCGC,AGCCGGAGCTGG,ACCACCGCC,ACCCGGGCTACCGACGCC,ACCGACGCCGCCCGTGCT,ACCGCTGCC,ACGGCTCGC,AGCAGCCGC,ACGAGCGGCGGCGAGAGCG,ACGAGCGGCGGCGAGAGGG,AACCGCGGCG,AACGACGCGGCGCGC,ACCCG,ACCCGCTGGC,ACGCCAGCGC,ACGCCAGGGC,ACGCCCGAGC,ACGGAGCGGCGGGCT,ACGGG,ACTGGCGGGCTCTGGCGGGC,AGAGCCCGCC,ACCACCGCCGCC,ACCGCC,ACGCCCCGACGG,AGCCCC,AGGGGG,AGGCGGCG,ACCCCCCCC,ACCCTCCGCCGCCGCCGC,AGCCGGGGCCGC,C,CCCCCCCCCG,CCCCG,CCG
C001,93023,0,0,0,0,0,0,0,0,0,0,0,0,0,3,1,0,1,0,1,0,1,9,13,0,0,0,0,0,1,0,0,20,2198,41,0,21,0,55,5,0,0,0,22,9,3,480,0,0,0,49,3,5,13,0,2,2,4,47,2,1,0,3,23,5,2,1,4,3,584,1,37,0,930,47,3,6,0,0,0,1,69,0,0,118,3,17,5,1,0,0,0,0,190,0,0,5,244,0,2,1,1,7,24,1,23,0,1,2,1,3,0,4,5,0,317,0,156,1,0,3,1,1954,2,7,2,4,3,0,0,4,143,0,1,0,0,0,0,1,30,3,0,1,63,0,5,0,4,2,0,0,3,2,0,0,1,0,0,0,0,4,1,4,1,4637,0,0,50335,0,0,2,338,0,16148,0,3,0,0,0,717,0,1,0,0,2,1,15,0,17,2,15,1,0,2,0,0,0,0,0,0,0,3,1,0,0,0,0,0,1,0,0,0,20,57,0,1,0,0,17,15,1,0,0,0,9,0,0,0,1,0,2,0,15,0,0,1,0,0,2,1,1,1,0,0,0,0,0,0,0,4,0,0,0,0,0,1,1,0,2,0,0,0,0,1,0,0,0,3,1,0,3,1,0,0,0,22,31,0,1,1,0,0,0,2,0,0,0,0,0,1,1,2,0,8,0,1,11,7,6,5,8,24,0,5,243,0,1,1,7,0,1,1,0,0,0,0,326,9,5,6,0,0,0,1,3,2,2,0,2,16,1,11,7,464,11,359,0,2,0,0,0,0,0,1,0,0,1,0,4,0,6,1,3,0,37,0,3,5,2,2,0,0,0,0,1,0,0,0,0,0,0,0,0,0,0,0,0,0,0,2,0,1,0,1,0,0,5,0,0,0,1,0,0,0,0,0,1,87,98,0,0,3,0,0,3,0,1,3,0,1,6,1,0,1,0,0,10,0,0,0,0,0,0,0,0,0,3,0,2,1,1,0,6,0,0,2,0,0,1,3,0,0,1,1,0,9,13,1,0,5,17,1,1,0,2,4,3,1,0,3,1,0,2,0,1,2,4,0,0,0,1,3,0,0,1,0,0,10,0,0,2,7,0,0,7505,0,0,0,1,0,0,0,6,0,0,2,63,0,0,2,0,1,1,0,14,3,0,3,1,0,0,16,0,1,0,0,0,1,0,0,0,7,30,8,0,0,0,0,2,0,3,0,1,0,2,0,0,2,0,0,0,129,0,60,5,0,4,0,0,0,0,0,0,0,2,2,4,0,1,3,0,0,0,132,0,0,0,2,0,2,2,541,186,2,253,0,1,1,11,4,0,1,0,0,0,0,2,0,2,53,75,0,0,0,0,0,1,0,2,0,0,1,2,3,0,0,0,591,1,0,2,0,0,19,2,13,0,0,0,0,7,0,0,0,15,0,0,0,0,0,0,0,0,0,0,0,0,11,8,0,0,0,0,0,2,0,491,0,4,1,0,2,1,3,0,178,0,3,0,0,118,0,28,0,2,0,10,2,4,0,31,0,0,0,0,2,6,20,0,0,0,0,0,1,0,9,7,1,6,19,0,3,1,0,12,2,0,25,1,4,2,45,0,1,2,3,0,2,3,0,1,2,0,1,2,2,2,0,0,0,8,0,3,9,0,0,3,8,0,4,0,1,8,2,2,0,0,0,84,34,0,812,7,7765,0,2,0,0,0,7,0,0,0,0,3,6,0,1,0,2,0,0,0,0,0,0,1,0,0,0,0,0,0,7,1,1,0,0,1,0,0,2,3,0,5,43,1,1,2,0,3225,0,17400,6,12,1,0,0,0,0,1662,1,0,0,0,0,3,0,0,4,0,1,0,0,0,3,0,0,0,0,1,0,1,0,0,0,0,0,0,1,0,0,0,2,1,11,0,0,2,1,0,6,0,0,2,0,2,19,13,0,6,0,0,0,0,1,0,0,0,1,0,0,3,61,1,0,0,11,3,37,0,0,0,0,1,0,0,0,0,0,0,4223,0,0,0
C01,66996,0,0,0,0,0,0,3,0,0,0,0,0,0,1,1,0,7,0,0,0,1,7,6,1,0,0,0,0,1,0,0,22,1844,19,0,24,0,46,1,0,2,0,18,12,3,302,0,0,0,78,12,11,26,2,5,4,2,29,2,4,3,1,16,1,0,2,1,4,486,2,13,0,590,26,3,0,0,0,0,1,37,0,0,54,1,8,4,2,0,0,0,0,135,0,0,9,186,0,2,1,1,4,26,2,14,0,1,4,4,3,0,7,3,0,322,0,175,0,0,1,1,1637,1,6,1,6,4,0,0,2,138,0,1,0,0,2,0,1,32,1,0,2,42,0,6,0,11,6,0,0,4,1,0,0,2,0,0,0,0,3,0,1,0,5058,0,0,51084,0,0,1,355,0,17007,1,7,0,1,0,634,0,0,0,1,3,2,10,0,14,2,14,0,0,4,0,0,0,0,0,0,0,1,2,0,0,0,0,1,3,0,0,0,26,43,0,2,0,1,19,16,3,0,0,0,10,0,0,0,2,0,3,1,15,0,0,1,0,0,3,2,0,1,0,0,0,0,0,0,0,3,0,1,0,0,0,1,0,0,1,0,0,0,0,0,0,0,0,2,2,0,1,1,0,0,0,22,31,0,0,1,0,0,0,1,0,0,0,0,0,1,2,2,0,8,0,3,9,9,4,5,4,26,0,5,234,0,2,1,12,0,0,1,0,0,0,0,264,17,2,6,0,0,0,0,2,0,1,0,1,20,3,14,3,456,6,345,0,4,0,0,2,0,0,2,0,0,2,0,2,2,10,0,6,0,57,0,4,5,0,1,2,0,1,0,1,0,0,1,0,0,0,0,0,0,0,0,0,0,0,1,0,3,0,1,0,0,4,0,0,0,1,0,0,0,0,0,1,68,104,0,0,4,0,1,2,0,2,1,0,0,6,2,0,2,0,1,6,0,0,0,0,0,0,0,0,0,2,0,2,0,2,0,5,2,0,1,1,0,0,5,0,0,0,0,0,5,6,0,0,3,19,1,3,1,3,5,3,1,0,2,1,0,3,0,1,3,5,2,0,0,1,0,0,0,1,0,0,1,0,0,3,5,0,0,4888,0,0,0,0,0,0,0,2,0,0,2,103,0,0,3,0,1,0,0,9,1,0,4,0,0,0,18,0,1,0,0,0,6,0,0,0,6,21,7,0,0,0,0,2,0,4,0,1,0,2,0,0,2,0,0,0,84,0,44,2,0,8,0,0,0,0,0,0,0,1,1,4,0,1,1,0,0,0,135,0,0,0,2,1,2,8,377,194,3,275,0,0,4,11,3,0,1,0,0,0,0,1,0,1,57,72,0,1,0,0,0,1,0,3,0,0,1,0,12,0,0,0,653,1,0,2,0,0,22,3,6,0,0,0,0,9,0,0,0,13,0,0,0,0,0,0,0,1,0,0,0,0,17,6,0,0,0,0,0,2,0,507,0,4,1,0,4,1,1,0,167,0,2,0,0,102,0,25,0,2,0,13,3,5,0,32,0,0,0,0,0,6,19,0,0,0,0,0,1,0,6,8,2,11,13,0,3,0,1,8,2,0,31,2,2,2,43,0,0,0,4,0,4,1,0,1,0,0,0,1,1,1,0,0,0,11,0,5,6,0,0,1,7,0,4,0,1,10,1,2,0,0,0,76,17,0,758,3,9883,0,4,1,0,0,8,0,0,0,1,1,7,0,1,0,1,0,0,0,0,0,0,0,0,0,0,0,0,0,4,1,0,0,0,0,1,0,2,1,1,4,49,1,0,1,0,2948,0,16188,5,9,1,1,0,0,1,1487,2,0,1,0,0,3,0,0,2,0,1,0,0,4,3,0,0,0,0,1,0,1,0,0,0,0,0,0,2,0,0,0,1,1,11,0,0,1,1,0,5,0,0,1,0,3,13,9,0,8,2,0,0,0,0,1,0,0,1,0,1,3,28,2,0,0,5,0,61,0,0,0,0,0,0,0,0,0,0,0,6702,0,0,0
C02,59897,0,0,0,2,0,0,0,0,0,0,0,0,0,0,1,0,6,0,0,0,0,8,3,0,0,0,0,0,1,0,0,17,2142,11,0,14,0,14,2,1,0,0,14,10,17,385,0,0,0,11,4,3,0,0,2,9,3,32,0,0,0,1,22,5,2,2,2,4,584,8,42,0,768,21,0,0,0,0,0,1,73,0,0,102,4,37,2,2,0,0,0,0,180,0,0,1,107,1,4,1,2,2,61,0,79,0,1,1,7,18,0,2,4,0,306,0,262,0,1,7,0,1955,1,3,2,1,1,0,1,0,73,0,0,0,0,0,0,2,33,3,1,6,59,0,4,0,3,4,0,0,1,2,0,0,1,0,0,0,0,2,0,1,1,5082,0,0,67481,0,0,3,345,0,19810,0,1,0,2,0,1305,0,0,3,0,1,1,15,0,6,1,26,0,0,4,0,0,0,0,1,0,0,1,2,0,0,0,0,0,1,0,0,0,12,95,0,0,0,0,38,35,3,0,0,0,8,0,0,0,0,0,5,0,18,0,0,2,0,0,2,0,1,1,0,0,13,14,0,0,0,5,0,1,0,0,0,1,1,0,0,1,0,0,0,1,0,0,3,1,0,0,1,0,0,0,0,30,26,0,1,1,0,0,0,1,0,0,33,0,0,1,3,1,0,4,0,2,5,9,2,3,11,53,0,12,220,0,1,1,13,0,1,2,1,0,0,0,190,7,4,3,0,0,0,1,1,0,0,0,0,20,2,5,1,214,10,413,0,5,0,0,0,0,0,0,0,0,0,0,0,1,4,0,2,0,47,0,2,5,1,0,0,0,0,0,1,0,0,0,0,0,0,0,0,0,0,0,0,0,0,3,0,4,0,2,0,0,10,0,0,0,3,0,0,0,0,0,2,135,157,0,0,5,1,0,3,0,0,1,0,0,9,2,1,1,0,1,5,0,0,0,0,0,0,0,0,0,0,0,1,1,0,0,7,1,0,4,0,0,0,7,0,0,1,0,0,6,5,1,0,2,11,1,1,0,0,7,2,0,0,10,1,0,7,0,2,2,7,2,0,0,1,1,0,0,2,0,0,3,0,0,1,3,0,0,13782,0,0,0,1,0,0,0,11,0,0,1,122,0,0,1,0,1,1,0,22,4,0,8,1,0,0,15,0,0,0,0,0,3,0,0,0,6,53,40,0,0,5,0,1,0,7,0,0,0,7,0,0,0,0,0,0,150,0,87,3,0,6,0,0,0,0,0,0,0,1,1,4,0,0,4,0,0,0,191,0,0,0,1,0,1,4,432,189,3,232,11,0,1,11,4,0,1,0,0,0,0,0,0,3,65,65,0,0,0,0,0,1,0,3,0,0,2,2,10,0,0,0,996,0,0,2,0,0,31,4,8,0,0,0,0,7,0,0,1,20,0,0,0,0,0,0,1,0,0,0,0,2,26,9,0,0,0,0,0,3,0,868,0,8,1,0,4,1,3,0,293,0,4,0,0,146,0,49,0,2,0,19,4,5,0,36,0,0,0,0,2,8,32,0,0,0,0,1,1,0,8,12,1,10,23,0,4,2,2,13,6,1,52,3,4,3,58,0,1,3,1,0,0,4,0,1,1,3,0,1,0,1,0,0,0,12,0,5,3,1,0,3,5,0,1,0,0,14,1,3,0,2,0,67,31,0,1392,4,8376,0,3,1,0,0,10,0,0,1,1,4,8,0,0,0,1,0,1,0,1,0,0,2,0,0,0,0,0,0,10,0,0,0,0,2,1,0,4,1,0,6,79,0,1,3,0,3931,0,25857,8,16,1,1,0,1,0,2321,2,0,1,0,1,5,0,0,6,0,1,0,0,4,3,0,0,0,1,1,0,2,0,0,0,0,0,0,2,0,0,0,1,0,11,0,0,2,1,0,10,0,0,2,0,3,31,15,0,10,5,0,0,0,2,0,0,0,2,0,2,3,48,2,0,0,20,1,120,0,0,0,1,1,0,0,0,0,0,0,6718,0,0,0
C03,73466,0,0,0,0,0,0,4,0,7,3,0,0,0,1,1,1,5,0,1,0,2,8,10,2,0,0,0,0,1,0,0,17,1636,11,0,10,0,59,1,0,1,1,10,1,2,329,0,0,0,77,24,4,13,2,3,4,4,46,4,2,14,1,13,4,0,0,1,3,418,6,12,0,456,25,0,0,0,0,0,1,45,0,0,41,2,10,2,1,0,0,0,0,152,0,0,15,217,0,4,1,1,6,40,3,46,0,0,3,2,3,0,6,3,0,269,0,141,0,1,0,1,1504,1,3,1,3,1,0,1,3,154,1,2,0,0,1,0,2,25,1,0,2,32,0,5,0,9,3,0,1,3,1,0,0,1,0,0,0,0,3,0,2,0,6264,0,0,62522,0,0,1,386,0,17608,1,3,0,1,0,537,0,1,1,0,4,4,15,0,15,3,11,1,0,6,0,0,1,2,0,0,0,1,3,0,0,0,0,0,3,0,0,0,18,53,0,1,0,1,13,15,4,0,0,0,7,0,0,0,0,0,3,1,14,0,0,1,0,0,4,1,0,1,0,0,0,0,0,0,0,4,0,1,0,0,0,0,1,0,1,0,0,0,0,2,0,0,0,4,3,0,1,0,0,0,0,29,31,0,1,1,0,1,0,4,0,0,0,0,0,0,0,3,0,5,0,1,8,1,3,5,6,30,0,8,238,0,2,1,3,0,1,2,0,0,0,0,311,13,6,7,0,0,0,0,3,0,1,0,1,27,3,10,4,564,7,333,0,4,1,0,1,0,0,1,0,0,2,0,2,1,9,0,7,0,54,0,4,8,2,2,1,0,0,0,1,0,0,0,0,0,0,0,0,0,0,0,0,0,0,0,0,2,0,2,0,0,5,0,0,0,1,0,0,0,0,0,1,71,117,0,0,2,0,0,5,0,1,1,0,2,7,1,0,1,0,2,4,0,0,0,0,0,0,0,0,0,2,0,2,0,3,0,7,2,0,1,0,0,0,7,0,0,2,1,0,13,11,0,0,3,11,1,3,0,2,2,1,1,0,2,1,0,2,0,2,3,2,0,0,0,1,1,0,0,1,0,0,4,0,0,1,6,0,0,3860,0,1,0,0,0,0,0,4,0,0,3,108,0,0,3,0,1,1,0,11,5,0,3,1,0,0,11,0,0,0,0,0,6,0,0,0,2,20,12,0,0,1,0,4,0,3,0,1,0,4,0,0,2,0,0,0,86,0,46,4,0,5,0,0,0,0,0,0,0,2,2,4,0,1,2,0,0,0,124,0,0,0,1,0,3,11,425,211,5,313,0,0,2,7,4,0,1,0,0,0,0,1,0,1,76,73,0,0,0,0,0,1,0,5,0,0,1,1,7,0,0,0,590,0,0,3,0,0,21,3,5,0,1,0,0,10,0,0,1,13,0,0,0,0,0,0,0,0,0,0,0,0,12,4,0,0,0,0,0,2,0,501,0,6,0,0,3,1,2,0,169,0,3,0,0,104,0,27,0,1,0,13,3,5,0,28,0,0,0,0,2,5,19,0,0,0,0,0,0,0,6,6,1,8,16,0,4,1,0,10,3,0,32,3,3,1,44,0,1,1,4,0,4,2,0,1,1,0,1,3,2,0,0,1,0,9,0,5,8,0,0,1,4,0,4,0,1,11,2,2,0,0,0,85,26,0,700,2,9642,0,2,0,0,0,8,0,0,0,1,4,7,1,1,0,1,0,1,0,0,0,0,1,0,0,0,0,0,0,6,1,0,0,0,1,1,0,3,2,0,5,48,1,1,1,0,3108,0,16598,6,14,1,1,0,0,1,1586,2,0,0,0,0,3,0,0,4,0,1,0,0,5,2,0,0,0,2,1,0,1,0,0,0,0,0,0,3,0,0,0,1,1,6,0,0,1,1,0,5,0,0,0,0,2,13,7,0,8,1,0,0,0,0,0,0,0,0,0,0,2,22,3,0,0,8,0,37,0,0,0,0,1,0,0,0,0,0,0,7127,0,0,0
C035,90226,0,0,0,0,0,0,0,0,0,0,0,0,0,1,0,1,3,1,0,0,2,2,8,2,0,0,0,0,0,0,0,26,2138,41,0,23,0,39,2,0,1,0,14,3,8,296,0,0,0,35,12,3,12,4,4,4,7,37,2,3,5,1,19,5,1,1,3,4,623,3,24,0,761,24,0,0,0,0,0,2,62,0,0,111,3,19,6,1,0,0,0,0,236,0,2,9,299,0,4,1,2,6,31,2,68,0,0,2,6,8,0,4,5,0,283,0,180,0,1,3,0,1937,2,3,2,1,6,0,0,3,107,0,1,0,0,2,0,2,26,2,0,2,59,0,9,0,9,4,0,0,4,1,0,0,0,0,0,0,0,2,0,2,0,3893,0,0,65685,0,1,0,363,0,16691,0,3,0,1,0,761,0,0,1,0,1,2,16,0,13,1,16,1,0,4,0,0,0,0,0,0,0,0,1,0,0,0,0,0,2,0,0,0,17,68,0,1,0,0,23,17,3,0,0,0,7,0,0,0,1,0,9,1,10,0,0,0,0,1,4,0,1,1,0,0,0,0,0,0,0,3,0,0,0,0,0,1,1,0,1,0,0,0,0,1,0,0,1,3,0,0,1,0,0,0,0,23,22,0,1,2,0,0,0,1,0,0,0,0,0,1,1,3,0,9,0,3,7,1,4,3,3,31,0,7,253,0,1,2,12,0,0,1,0,0,0,0,282,10,4,7,0,0,0,1,2,0,1,0,1,17,2,9,6,439,5,402,0,6,0,0,0,0,0,2,0,0,2,0,2,0,7,0,4,0,37,0,1,4,1,3,0,0,1,0,0,0,0,1,0,0,0,0,0,0,0,0,0,0,0,1,0,2,0,1,0,0,6,0,0,0,1,0,0,0,0,0,1,82,107,0,0,3,1,0,3,0,2,1,0,0,7,1,0,2,0,1,7,0,0,0,0,0,0,0,0,0,3,0,0,0,5,0,5,1,0,1,0,0,0,7,0,0,2,1,0,11,10,1,0,1,11,1,1,1,1,4,1,0,0,4,2,0,2,0,0,2,2,0,0,0,3,1,0,0,2,0,0,13,0,0,1,7,0,0,6692,0,0,0,1,0,0,0,4,0,0,1,103,0,0,3,0,2,0,0,15,3,0,3,0,0,0,16,0,2,0,0,0,4,0,0,0,7,27,10,0,0,0,0,6,0,4,0,1,0,4,0,0,1,0,0,0,98,0,56,4,0,5,0,0,0,0,0,0,0,2,1,5,0,1,3,0,0,0,116,0,0,0,1,0,4,7,388,162,2,224,0,0,7,11,4,0,0,0,0,0,0,2,0,1,34,75,0,0,0,0,0,2,0,3,0,0,2,1,7,0,0,0,605,1,0,7,0,0,22,3,12,0,0,0,0,8,0,0,0,14,0,0,0,0,0,0,0,0,0,0,0,0,17,6,0,0,0,0,0,1,0,509,0,8,1,0,2,1,2,0,190,0,2,0,0,110,0,35,0,1,0,14,3,4,0,30,0,0,0,0,2,5,18,0,0,0,0,0,1,0,5,7,0,11,15,0,3,1,1,10,2,0,36,2,2,4,53,0,0,1,4,0,3,3,0,2,1,0,0,1,2,0,0,0,0,16,0,4,14,0,0,7,8,0,3,0,0,17,1,3,0,0,0,77,33,0,840,5,8521,0,2,0,0,0,7,0,0,0,1,2,5,0,1,0,0,0,1,0,0,0,0,0,0,0,0,0,0,0,5,1,0,0,0,1,2,0,1,1,1,5,56,1,1,2,0,3077,0,17283,5,9,1,0,0,0,0,1668,0,0,1,0,1,6,0,0,4,0,0,0,0,1,2,0,0,0,1,1,0,1,0,0,0,0,0,1,2,0,0,0,2,0,8,0,0,1,1,0,5,0,0,1,0,3,12,8,0,7,0,0,0,0,0,0,0,1,1,0,2,2,54,2,0,0,5,1,15,0,0,0,0,0,0,0,0,0,0,0,4168,0,1,0
C06,92451,0,0,0,0,0,0,0,0,0,0,6,0,0,1,0,1,5,0,1,1,1,9,7,0,0,0,0,2,5,0,0,15,2595,24,1,29,0,22,4,0,1,0,9,10,5,597,0,0,0,33,9,2,13,0,2,9,7,37,1,4,4,1,28,5,2,2,2,1,851,8,47,0,947,28,2,0,0,0,0,1,72,0,0,56,3,18,5,2,0,0,0,0,261,0,0,0,134,0,3,2,2,6,37,1,2,0,0,2,7,16,0,2,7,0,411,0,210,0,1,1,1,2278,1,2,2,2,0,0,1,1,49,0,2,0,0,2,0,2,31,2,0,2,70,0,2,0,5,5,0,0,3,1,0,0,6,0,0,0,0,3,0,2,0,5383,0,0,60558,0,0,1,434,0,19971,0,2,0,0,0,1001,0,0,2,1,3,1,14,0,9,2,17,0,0,3,0,0,0,0,0,0,0,2,4,0,0,1,0,0,3,0,0,0,13,66,0,1,0,0,23,32,1,0,0,0,8,0,0,0,1,0,2,2,21,0,0,3,0,0,6,1,0,1,0,0,1,0,0,0,0,7,0,0,0,0,0,1,1,0,2,0,0,0,0,1,0,0,1,2,1,0,2,0,0,0,0,31,42,0,0,1,0,0,0,2,0,0,5,0,0,1,1,1,0,7,0,2,10,3,5,4,6,60,0,12,263,0,2,1,11,0,1,1,0,0,0,0,165,8,5,8,1,1,0,0,1,1,1,0,1,16,3,9,3,419,4,338,0,4,0,0,0,0,0,0,0,0,1,0,1,2,9,1,5,0,55,0,2,5,2,1,0,1,2,0,1,0,0,1,0,0,0,0,0,0,0,0,0,0,0,2,0,3,0,3,0,0,6,0,0,0,2,0,0,0,0,0,1,99,105,0,0,5,0,0,2,0,1,4,0,1,8,2,0,2,0,2,4,0,0,0,0,0,0,0,0,0,2,0,1,0,1,0,11,2,0,2,0,0,0,7,0,0,5,0,0,7,4,0,0,2,19,1,1,0,2,2,1,3,0,2,2,0,4,0,1,3,5,1,0,0,1,1,0,0,2,0,0,6,0,0,1,5,0,0,9777,0,1,0,1,0,0,0,4,0,0,1,109,0,0,3,0,2,0,0,16,4,0,3,1,0,0,16,0,0,0,1,0,5,0,0,0,4,53,27,1,0,1,0,3,0,5,0,1,0,2,0,0,3,0,0,0,121,0,71,5,0,5,0,0,0,0,0,0,0,2,1,4,0,1,4,0,0,0,151,0,0,0,2,1,2,5,441,188,2,230,0,0,1,8,3,0,1,0,0,0,1,1,0,1,73,62,0,0,0,0,0,1,0,4,0,0,4,1,10,0,0,0,780,1,0,2,0,0,30,3,11,0,0,0,0,6,0,0,0,20,0,0,0,0,0,0,0,1,0,0,1,2,17,9,0,0,0,0,0,3,0,651,0,8,1,0,5,1,2,0,257,0,3,0,0,130,0,32,0,1,0,13,4,5,0,41,1,0,0,0,1,8,22,0,0,0,0,1,2,0,7,11,2,15,21,0,4,1,1,12,3,1,34,2,2,2,43,0,0,2,4,0,1,3,0,1,2,0,1,2,0,2,0,0,0,7,0,4,4,0,0,3,3,0,2,0,0,6,1,4,0,0,0,82,29,0,1081,5,9894,0,2,0,0,0,9,0,0,0,1,1,9,0,1,0,1,0,1,0,0,0,0,0,0,0,0,0,0,0,5,0,0,0,0,1,1,0,2,1,1,4,65,0,0,1,0,3525,0,20716,7,16,1,1,0,0,1,1880,1,0,1,0,0,5,0,0,6,0,1,0,0,2,2,0,0,0,1,1,0,1,0,0,0,0,0,0,1,0,0,0,2,0,15,0,0,0,0,0,5,0,1,1,0,1,25,12,0,12,1,0,1,0,1,1,0,0,1,0,5,7,29,1,1,0,10,1,42,0,0,1,2,1,0,0,0,0,0,0,6621,0,0,0
C07,74794,0,0,0,1,0,0,9,0,0,6,6,0,0,2,3,3,7,0,2,0,1,13,10,0,0,0,0,3,0,0,0,22,1732,21,0,7,0,40,3,0,0,0,18,15,3,412,0,0,0,39,18,5,15,2,2,9,2,36,4,1,3,1,16,4,2,0,2,4,486,3,41,0,640,22,2,0,0,0,0,3,43,0,0,82,3,12,2,2,0,0,0,0,154,0,0,6,131,0,1,3,1,6,34,2,85,0,0,3,3,7,0,1,3,0,365,0,168,0,1,4,1,1846,2,5,1,5,4,0,0,1,97,4,1,0,0,1,0,1,24,1,0,4,40,0,6,0,7,3,0,1,3,1,0,0,5,0,0,0,0,5,0,1,1,4862,0,0,55820,0,0,3,402,0,16631,0,5,0,1,0,717,0,0,0,0,4,3,21,0,12,0,10,0,0,3,0,0,0,0,0,0,1,1,3,0,0,0,0,0,1,0,0,1,9,67,0,1,0,1,18,20,3,0,0,0,6,0,0,0,0,0,5,1,15,0,0,1,0,0,3,0,1,1,0,0,0,0,0,0,0,1,0,1,0,0,0,1,1,0,1,0,1,0,0,1,0,0,0,4,1,0,1,0,0,0,0,29,41,0,0,2,0,0,0,1,0,0,0,0,0,0,1,2,1,7,0,1,6,1,4,3,8,41,0,14,230,0,2,2,9,0,3,1,0,0,0,0,260,16,5,11,0,0,0,1,3,2,1,0,2,26,3,11,3,450,16,307,0,4,0,0,0,0,0,2,0,0,1,0,2,1,7,1,6,0,61,0,3,7,0,1,2,0,1,0,0,0,0,1,0,0,0,0,0,0,0,0,0,0,0,1,0,1,0,1,0,0,4,0,0,0,1,0,0,0,0,0,2,70,110,0,0,4,0,0,2,0,1,3,0,1,5,2,0,2,0,1,7,0,0,0,0,0,0,0,0,0,1,0,1,0,1,0,2,1,0,2,0,0,0,5,0,0,1,1,0,7,9,1,0,1,13,1,3,1,1,5,1,0,0,3,1,0,3,0,0,3,3,3,0,0,1,2,0,0,2,0,0,3,0,0,1,6,0,0,6116,0,0,0,1,0,0,0,5,0,0,2,92,0,0,1,0,1,2,0,13,3,0,3,0,0,0,19,0,0,0,1,0,3,0,0,0,7,23,21,0,0,1,0,3,0,3,0,0,0,4,0,0,1,0,0,0,92,0,48,5,0,5,0,0,0,0,0,0,0,1,1,2,0,2,3,0,0,0,138,0,0,0,1,1,2,7,354,203,5,252,0,0,4,6,4,0,0,0,0,0,0,1,0,0,48,47,0,0,0,0,0,1,0,4,0,0,1,2,8,0,0,0,651,0,0,3,0,0,24,3,7,0,0,0,0,9,0,0,1,12,0,0,0,0,0,0,0,0,0,0,0,0,12,6,0,0,0,0,0,2,0,519,0,5,1,0,2,1,2,0,176,0,2,0,0,96,0,28,0,0,0,10,2,4,0,24,0,0,0,0,2,5,23,0,0,0,0,1,2,0,6,4,1,9,9,0,3,1,0,11,3,0,32,2,3,2,39,0,1,2,2,0,2,2,1,2,2,0,0,0,1,1,0,0,0,16,0,3,11,0,0,3,9,0,4,0,0,25,2,6,0,1,0,84,29,0,951,7,10169,0,3,0,0,0,6,0,0,0,0,6,3,1,1,0,0,0,0,0,0,0,0,0,0,0,0,0,0,0,6,1,0,0,0,1,1,0,1,2,0,3,53,0,1,1,0,2985,0,16159,5,12,1,1,0,0,1,1529,1,0,1,0,0,6,0,0,5,0,1,0,0,3,2,0,0,0,0,1,0,3,0,0,0,0,0,0,1,0,0,0,2,0,11,0,0,0,0,0,5,0,0,1,0,1,14,7,0,4,2,0,0,0,1,0,0,0,1,0,3,1,23,1,0,0,8,1,51,0,0,0,0,1,1,0,0,0,0,0,6106,0,0,5
C08,78219,0,0,0,0,0,0,0,0,0,0,6,0,3,1,1,0,8,0,3,0,1,17,6,1,0,0,0,0,1,0,0,21,1873,31,0,18,0,21,4,0,0,0,6,6,3,563,0,0,0,44,10,8,10,1,4,4,3,32,4,3,8,2,20,3,1,2,0,7,536,11,63,3,673,38,3,0,1,0,0,2,63,0,0,27,2,17,4,1,0,0,0,0,186,0,0,1,277,0,3,1,2,10,43,0,43,0,0,2,4,7,0,8,6,0,346,0,231,0,2,0,1,1848,2,5,2,1,3,0,3,1,90,0,3,0,0,3,0,3,39,3,0,5,43,1,4,0,7,4,0,0,5,1,0,0,1,0,0,0,0,4,1,3,0,6729,0,0,49250,0,0,5,333,0,20348,0,4,0,2,0,880,0,1,1,1,1,1,13,0,12,1,14,0,0,3,0,0,0,0,1,0,1,1,1,0,0,0,0,1,3,0,0,1,15,60,0,1,0,0,25,22,2,0,0,0,7,0,0,0,1,0,4,1,20,0,0,2,0,0,3,1,0,1,0,0,0,0,0,0,0,9,0,0,0,0,0,0,1,0,1,0,0,0,0,1,0,0,1,3,1,0,0,0,0,0,0,33,26,0,1,2,0,1,0,1,0,0,0,0,0,0,1,2,0,5,0,3,9,5,4,4,3,41,0,13,221,0,1,1,14,0,1,1,0,0,0,0,194,8,4,9,0,0,0,1,2,1,1,0,0,15,4,7,3,354,6,230,0,8,0,0,0,0,0,1,0,0,0,0,1,1,7,2,7,0,53,0,1,2,1,2,1,0,1,0,2,0,0,1,0,0,0,0,0,0,0,0,0,0,0,1,1,2,0,3,0,0,7,0,0,0,1,0,0,0,0,0,2,110,122,0,0,4,0,0,2,0,1,1,0,0,9,1,0,3,0,1,3,0,0,0,0,0,0,0,0,0,1,0,1,0,2,0,5,1,0,2,0,0,0,7,0,0,1,2,0,6,5,1,0,2,15,1,4,2,1,4,2,1,0,5,1,1,3,0,0,4,3,2,0,0,2,0,0,0,1,0,0,1,0,0,2,5,0,0,7954,0,0,1,0,0,0,0,3,0,0,2,125,0,0,1,0,2,1,0,20,2,0,4,1,0,0,12,0,0,0,0,0,6,0,0,0,7,43,28,0,0,0,0,0,0,5,0,1,0,4,0,0,3,0,0,0,141,0,75,6,0,5,0,0,0,0,0,0,0,2,1,4,0,1,3,0,0,0,131,0,0,0,2,0,2,2,468,250,3,288,0,0,0,10,5,0,2,0,0,0,0,1,0,1,71,64,0,0,0,0,0,2,0,5,0,0,3,2,11,0,0,0,738,0,0,1,0,0,30,3,8,0,0,0,0,8,0,0,0,19,0,0,0,0,0,0,0,0,0,0,1,1,22,9,0,0,0,0,0,2,0,696,0,7,2,0,5,1,2,0,251,0,3,0,0,128,0,37,0,3,0,14,3,6,0,35,0,0,0,1,1,6,23,0,0,0,0,1,2,0,8,9,2,12,18,0,4,0,1,11,4,1,42,3,3,2,49,0,0,1,4,0,2,2,0,0,2,0,1,2,1,1,0,0,0,10,0,4,7,0,0,5,6,0,1,0,0,14,1,5,0,1,0,67,22,0,898,6,8201,0,3,0,0,0,12,0,0,0,1,2,11,0,1,0,1,0,1,0,0,0,0,0,0,0,0,0,0,0,5,1,1,0,0,1,1,0,2,2,1,6,66,1,0,1,0,3833,0,21940,5,15,2,0,0,0,0,1960,1,0,1,0,0,1,0,0,3,0,2,0,0,2,3,0,0,0,0,1,0,2,0,0,0,0,0,0,2,0,0,0,2,1,21,0,0,1,1,0,10,0,1,2,0,3,21,15,0,9,2,0,0,0,0,0,0,0,2,0,0,4,36,1,0,0,14,1,75,0,0,0,1,0,0,0,0,0,0,0,6044,0,0,0
C12,82277,0,0,0,0,0,0,0,0,0,3,0,0,0,1,2,0,4,0,2,0,0,8,9,0,0,0,0,3,2,0,0,15,2019,19,0,22,0,28,3,0,4,0,10,3,5,539,0,0,0,27,9,2,13,1,2,11,3,46,2,4,0,1,21,1,1,1,3,8,618,10,47,2,757,33,5,3,3,0,0,0,68,0,0,47,4,18,4,2,0,0,0,0,206,1,0,1,91,0,5,5,1,6,61,1,44,0,0,1,3,10,0,7,4,0,372,0,228,0,1,4,1,2169,0,2,1,3,5,0,1,2,78,0,1,0,0,2,0,2,30,1,0,4,48,0,2,0,6,5,0,0,4,1,0,0,6,0,0,0,0,5,0,3,0,7629,0,0,64906,0,0,2,369,1,22540,0,3,0,1,0,972,0,0,3,1,2,2,16,0,14,1,20,0,0,2,0,0,1,0,0,0,0,1,3,0,0,0,0,1,2,0,0,0,18,101,0,0,0,1,27,22,3,0,0,0,9,0,0,0,1,0,5,1,26,0,0,2,0,1,5,1,0,1,0,0,0,0,0,0,0,8,1,1,0,0,0,2,0,0,1,1,0,0,0,1,0,0,1,5,2,0,1,1,0,0,1,47,47,1,2,1,0,0,0,3,0,0,2,0,0,0,1,4,1,6,0,1,5,5,5,6,6,54,0,12,242,1,1,1,9,0,1,2,0,0,0,0,168,11,4,11,0,0,0,0,4,0,1,0,0,25,2,9,1,384,14,268,0,5,1,0,0,0,0,1,0,0,1,0,2,0,9,0,3,0,61,0,3,8,2,2,0,0,1,0,1,0,0,1,0,0,0,0,0,0,0,0,0,0,0,3,1,3,0,1,0,0,7,0,0,0,1,0,0,0,0,0,1,131,132,0,0,3,1,0,1,0,1,1,0,0,10,2,0,1,0,1,7,0,0,0,0,0,0,0,0,0,1,0,0,1,1,0,9,2,0,1,0,0,0,7,0,0,2,0,0,5,6,2,0,2,13,2,1,1,1,2,3,2,0,4,2,0,5,0,1,4,6,1,0,0,2,2,0,0,1,0,0,0,0,0,1,5,0,0,9515,0,0,0,1,0,0,0,7,0,0,2,129,0,0,4,0,2,1,0,20,4,0,5,1,0,0,18,0,0,0,1,0,6,0,0,0,3,52,29,0,0,2,0,3,0,7,0,2,0,6,0,0,2,0,0,0,170,0,76,4,0,5,0,0,0,0,0,0,0,1,2,4,0,2,3,0,0,0,143,0,0,0,1,0,1,4,621,228,5,302,0,0,3,7,4,0,2,0,0,0,0,1,0,2,88,79,0,0,0,0,0,2,0,2,0,0,4,1,14,0,0,0,883,1,0,2,0,0,29,4,12,0,0,0,0,9,0,0,1,20,0,0,0,0,0,0,0,0,0,0,1,2,25,10,0,0,0,0,0,4,0,827,0,8,2,0,4,0,3,0,292,0,4,0,0,162,0,42,0,1,0,20,4,5,0,31,0,0,0,0,2,8,36,0,0,0,0,1,2,0,10,11,1,15,18,0,6,1,0,19,7,0,43,5,4,3,62,0,1,2,2,0,1,2,1,2,3,0,1,1,1,1,0,0,0,5,0,9,7,0,0,2,6,0,0,0,0,10,1,4,0,0,0,116,25,0,1083,3,9846,0,3,1,0,0,11,0,0,0,1,4,9,0,1,0,1,0,1,0,0,0,0,2,0,0,0,0,0,0,6,2,0,0,0,0,3,0,2,2,0,8,65,1,0,2,0,4204,0,24649,8,16,1,1,0,0,0,2271,1,0,1,0,1,8,0,0,6,0,1,0,0,3,1,0,0,0,0,1,0,1,0,0,0,0,0,0,2,0,0,0,2,1,12,0,0,0,1,0,7,0,1,3,0,5,24,15,0,10,3,0,0,0,0,0,0,0,2,0,3,5,36,2,0,0,18,1,65,0,0,0,3,1,0,0,0,0,0,0,6476,0,0,0
C13,82925,0,0,0,0,0,0,0,0,4,0,6,0,0,1,0,0,3,0,1,0,2,4,9,0,0,0,0,0,1,0,0,14,1663,28,0,19,2,32,5,0,3,0,17,5,0,369,0,2,0,56,9,5,11,2,2,4,4,48,1,1,3,1,20,1,1,0,4,10,443,3,17,7,620,39,0,0,0,0,0,2,42,0,0,109,1,16,3,2,0,0,0,0,166,0,0,10,207,0,4,1,1,6,46,3,58,0,0,3,6,9,0,5,4,0,318,1,185,0,0,2,0,1712,1,4,1,2,5,0,0,2,146,3,1,0,0,1,0,1,29,1,0,1,30,0,6,0,10,3,0,0,2,1,0,0,2,0,0,0,0,4,0,3,0,5413,0,0,65469,0,0,3,357,0,18387,0,4,0,1,0,681,0,1,0,3,1,0,13,0,12,2,10,0,0,1,0,0,0,0,0,0,1,0,0,0,0,0,0,0,3,0,0,0,14,72,0,2,0,1,20,19,3,0,0,0,8,0,0,0,2,0,6,1,15,0,0,1,0,0,4,2,0,2,0,0,1,0,0,0,0,2,0,0,0,0,0,1,2,0,1,0,0,0,0,1,0,0,0,4,3,0,2,0,0,0,0,22,33,0,2,1,0,0,0,3,0,0,1,0,0,0,1,3,0,10,0,2,12,6,5,4,7,26,0,5,210,0,2,1,9,0,1,1,0,0,0,0,219,13,5,7,0,0,0,0,4,0,0,0,0,26,3,9,5,382,9,370,0,5,1,0,0,0,0,1,0,0,1,0,2,0,11,0,5,0,55,0,6,5,2,3,1,0,1,0,1,0,0,1,0,0,0,0,0,0,0,0,0,0,0,1,0,2,0,1,0,0,4,0,0,0,2,0,0,0,0,0,0,71,114,0,0,3,0,0,8,0,2,1,0,1,7,1,0,2,0,1,5,0,0,0,0,0,0,0,0,0,3,0,3,1,3,0,8,1,0,2,0,0,0,8,0,0,2,1,0,8,11,1,0,4,16,1,2,0,2,4,3,0,0,4,1,0,3,0,1,4,3,1,0,0,2,0,0,0,1,1,0,0,0,0,1,6,0,0,6045,0,0,1,1,0,0,0,5,0,0,2,109,0,0,2,0,1,1,0,13,3,0,3,1,0,0,17,0,0,0,0,0,4,0,0,0,7,29,18,0,0,1,0,3,0,5,0,2,0,4,0,0,1,0,0,0,98,0,51,4,0,3,0,0,0,0,0,0,0,1,2,5,0,2,2,0,0,0,158,0,0,0,1,0,1,1,424,208,4,297,0,0,3,11,4,0,1,0,0,0,0,1,0,2,67,69,0,0,0,0,0,2,0,6,0,0,1,1,9,0,0,0,746,1,0,3,0,0,26,2,7,0,0,0,0,10,0,0,0,14,0,0,0,0,0,0,0,0,0,0,0,0,17,5,0,0,0,0,0,3,0,533,0,6,1,0,3,1,2,0,200,0,3,0,0,101,0,27,0,1,0,10,3,7,0,38,0,1,0,0,1,7,18,0,0,0,0,0,2,0,6,8,1,11,14,0,2,0,1,9,3,0,32,4,4,3,53,0,1,3,4,0,4,1,0,1,1,0,1,4,3,1,0,0,0,15,0,6,11,0,0,1,8,0,3,0,0,15,2,5,0,1,0,99,36,0,899,6,10610,0,2,1,0,0,8,0,0,1,1,5,8,0,3,0,2,0,1,0,1,0,0,0,0,0,0,0,0,0,4,0,0,0,0,0,0,0,1,1,0,5,47,0,0,1,0,3177,0,17443,6,11,1,2,0,0,0,1678,1,0,0,0,1,4,0,0,2,0,1,0,0,5,2,0,0,0,0,1,0,1,0,0,0,0,0,0,1,0,0,1,1,1,9,0,0,1,1,0,3,0,1,1,0,2,15,10,0,6,1,0,0,0,0,0,0,0,1,0,1,1,20,0,0,0,13,0,42,0,0,0,0,2,0,0,0,0,0,0,7031,0,0,0
C14,76356,0,1,1,0,0,0,2,0,0,0,0,0,0,1,2,0,6,0,1,0,1,6,4,2,0,0,0,0,1,0,0,26,1712,24,0,18,0,57,2,0,2,1,23,5,0,362,0,0,0,44,20,7,13,3,2,4,4,49,3,0,4,2,14,2,0,0,3,5,401,1,15,0,582,42,4,0,0,0,0,0,41,0,0,68,3,11,3,1,0,0,0,0,134,0,0,13,224,0,5,0,1,7,23,2,15,0,0,0,3,7,0,4,5,0,286,0,163,1,0,2,1,1604,1,6,2,2,3,0,1,3,181,0,1,0,0,2,0,0,23,2,0,1,35,0,3,0,9,3,0,0,6,1,0,0,1,0,0,0,0,2,0,2,0,5989,0,0,62434,0,0,1,321,0,17167,1,5,0,1,0,616,0,0,0,1,1,2,25,0,12,3,12,0,0,6,0,0,0,0,0,0,0,1,2,0,0,0,0,1,2,0,0,0,15,58,0,3,0,1,17,15,4,0,0,0,9,0,0,0,0,0,4,1,17,0,0,0,0,0,4,1,1,2,0,0,0,0,0,0,0,3,0,0,0,0,0,1,1,0,0,0,0,0,0,1,0,0,2,3,0,0,0,1,0,0,0,25,31,0,0,2,0,0,0,4,0,0,0,0,0,1,0,2,1,8,0,0,11,3,4,6,6,19,0,10,233,0,1,1,8,0,0,1,0,1,0,0,327,14,5,6,0,0,0,1,4,1,1,0,1,33,2,11,5,491,9,381,0,4,1,0,0,0,0,2,0,0,2,0,1,0,12,1,9,0,54,0,3,4,1,2,1,0,1,0,1,0,0,1,0,0,0,0,0,0,0,0,0,0,0,1,0,1,0,3,0,0,5,0,0,0,1,0,0,0,0,0,1,69,115,0,0,3,0,0,3,0,1,2,0,1,11,1,0,1,0,1,12,0,0,0,0,0,0,0,0,0,4,0,2,1,3,0,5,2,0,0,0,0,0,8,0,0,2,0,0,8,12,0,0,3,13,2,3,0,3,3,2,1,0,3,2,0,2,0,1,3,4,1,0,0,1,2,0,0,1,0,0,9,0,0,1,6,0,0,4955,0,0,0,1,0,0,0,5,0,0,2,108,0,0,3,0,2,0,0,10,3,0,4,1,0,0,20,0,0,0,0,0,3,0,0,0,2,25,16,0,0,0,1,4,0,3,0,1,0,4,0,0,2,0,0,0,92,0,50,3,0,3,0,0,0,0,0,0,0,1,1,5,0,2,1,0,0,0,156,0,0,0,2,0,2,5,492,227,3,310,0,0,2,7,5,0,0,0,0,0,0,2,0,1,82,66,0,0,0,0,0,2,0,5,0,0,1,1,8,0,0,0,698,1,0,5,0,0,21,5,11,0,0,0,0,8,0,0,0,13,0,0,0,0,0,0,0,0,0,0,0,0,13,6,0,0,0,0,0,2,0,531,0,5,1,0,3,1,2,0,183,0,3,0,0,103,0,27,0,2,0,12,2,4,0,35,0,0,0,0,1,5,20,0,0,0,0,1,2,0,6,8,2,8,16,0,3,1,2,11,3,0,32,3,4,2,44,0,2,2,3,0,3,2,0,1,3,0,0,2,1,1,0,0,0,12,0,4,11,0,0,2,10,0,3,0,0,11,1,8,0,0,0,81,22,0,789,6,9572,0,2,0,0,0,8,0,0,1,0,4,7,0,1,0,1,0,1,0,0,0,0,0,0,0,0,0,0,0,4,0,0,0,0,0,0,0,3,1,1,3,49,0,0,2,0,3243,0,17262,5,13,1,0,0,0,0,1609,1,0,0,0,0,5,0,0,3,0,1,0,0,4,1,0,0,0,1,1,0,1,0,0,0,0,0,0,2,0,0,0,1,0,8,0,0,1,1,0,5,0,0,1,0,2,16,9,0,6,1,1,0,0,0,0,0,0,1,0,1,2,32,1,0,0,8,1,48,0,0,0,0,1,0,0,0,0,0,0,7521,0,0,0
C16,92446,0,1,0,0,2,0,7,0,0,0,5,0,0,1,2,0,7,0,2,0,1,10,8,1,0,0,0,0,0,0,0,19,1786,12,0,18,0,18,3,1,0,0,9,10,2,384,0,0,0,53,10,9,18,1,4,14,3,47,0,4,2,3,46,2,1,1,3,7,431,3,25,0,695,28,2,0,0,0,0,1,56,0,0,52,3,16,2,3,0,0,0,0,178,0,0,3,156,0,3,1,2,5,42,1,68,0,0,1,3,17,0,3,7,0,382,1,178,1,1,4,2,1771,2,3,1,1,7,0,2,4,82,3,1,0,0,3,0,4,33,2,0,7,39,0,5,0,6,4,0,0,2,0,0,0,3,0,0,0,0,3,0,2,1,6117,0,0,60587,0,0,1,372,0,18900,1,3,0,1,0,795,0,0,1,1,1,0,12,0,10,1,13,1,0,3,0,0,0,0,0,0,0,3,2,0,0,0,0,0,2,0,0,0,12,39,0,2,0,0,25,23,5,0,0,0,8,0,0,0,1,0,5,1,20,0,0,1,0,0,4,1,1,2,0,0,0,0,0,0,0,3,0,0,0,0,0,1,2,0,1,1,1,0,0,0,0,0,2,2,1,0,0,0,0,0,0,33,38,0,4,1,0,0,0,2,0,0,0,0,0,0,0,1,1,7,0,2,4,8,2,4,4,40,0,8,196,0,1,1,6,0,1,1,0,0,0,0,211,11,6,5,0,0,0,0,2,0,0,0,0,13,3,8,2,409,5,305,0,7,0,0,0,0,0,0,0,0,1,0,1,0,12,1,5,0,56,0,2,7,2,1,0,0,1,0,0,0,0,1,0,0,0,0,0,0,0,0,0,0,0,1,0,1,0,2,0,0,5,0,0,0,2,0,0,0,0,0,1,107,109,0,0,2,1,0,3,0,2,1,0,1,9,1,0,1,0,1,4,0,0,0,0,0,0,0,0,0,2,0,2,0,0,0,6,1,0,2,0,0,0,11,0,0,2,0,0,4,7,1,0,2,15,2,2,0,1,3,3,1,0,2,1,0,3,0,1,2,4,1,0,0,1,0,0,0,2,0,0,2,0,0,0,5,0,0,7331,0,1,0,1,0,0,0,25,0,0,1,130,0,0,2,0,1,1,0,11,4,0,3,1,0,0,21,0,0,0,0,0,5,0,0,0,6,42,19,0,0,2,0,4,0,5,0,2,0,3,0,0,1,0,0,0,110,0,65,3,0,6,0,0,0,0,0,0,0,2,1,2,0,1,2,0,0,0,137,0,0,0,1,1,2,4,459,199,3,267,0,3,1,16,5,0,1,0,0,0,0,2,0,1,46,71,0,0,0,0,0,1,0,3,0,0,2,2,8,0,0,0,761,0,0,4,0,0,29,4,10,0,0,0,0,9,0,0,0,21,0,0,0,0,0,0,0,0,0,0,0,1,20,4,0,0,0,0,0,3,0,652,0,5,1,0,2,1,3,0,241,0,2,0,0,119,0,37,0,2,0,11,3,6,0,35,0,0,0,0,2,9,23,0,0,0,0,1,2,0,7,8,2,13,16,0,6,1,1,15,3,0,42,4,3,2,57,0,0,2,2,0,2,3,0,3,2,0,1,1,1,2,0,0,0,5,0,4,8,0,0,1,9,0,1,0,0,7,1,5,0,0,0,118,30,0,999,7,9755,0,2,1,0,0,8,0,0,0,0,6,12,0,1,0,1,0,2,0,0,0,0,1,0,0,0,0,0,0,6,1,1,0,0,1,1,0,4,1,0,4,58,1,1,2,0,3648,0,21080,5,12,1,0,0,0,1,2003,1,0,1,0,0,7,0,0,4,0,2,0,0,3,2,0,0,0,1,1,0,0,0,0,0,0,0,0,1,0,0,0,2,1,12,0,0,0,1,0,7,0,0,2,0,1,23,13,0,7,1,0,0,0,1,0,0,0,1,0,0,3,31,2,0,0,13,1,52,0,0,0,0,1,0,0,0,0,0,0,6866,0,0,0
C17,84897,0,0,0,0,0,0,3,0,3,0,5,0,0,2,1,1,6,0,1,0,0,14,6,0,0,0,0,2,2,0,0,29,1677,18,0,13,0,32,1,0,0,0,24,13,2,404,0,0,0,57,7,7,21,3,2,4,4,35,2,2,8,1,25,4,3,0,2,4,457,3,40,4,727,19,0,0,0,0,0,2,52,1,0,12,2,16,2,3,0,0,0,0,160,2,0,5,186,0,3,1,3,4,45,1,73,0,0,1,3,10,0,5,5,0,321,0,142,0,0,3,2,1602,0,2,1,2,1,0,1,4,127,0,1,0,0,1,0,1,37,2,0,4,50,0,4,0,8,4,0,0,2,2,0,0,6,0,0,0,0,5,0,2,0,6193,0,0,68359,0,0,2,363,0,18385,1,5,0,1,0,709,0,1,2,1,4,2,19,0,10,1,20,0,0,4,0,0,1,0,0,0,0,1,1,0,0,0,0,1,2,0,0,0,13,77,0,2,0,1,20,23,2,0,0,0,8,0,0,0,1,0,4,1,16,0,0,1,0,1,2,1,0,0,0,0,0,0,0,0,0,3,0,0,0,0,0,1,1,0,1,0,0,0,0,0,0,0,1,3,1,0,0,0,0,0,0,27,51,0,0,1,0,1,0,1,0,0,0,0,0,0,0,2,0,8,0,2,6,2,5,4,7,45,0,14,202,0,1,1,10,0,0,2,0,0,0,0,280,17,3,7,0,0,0,1,4,1,0,0,1,23,4,14,4,491,13,343,0,5,0,0,0,0,0,0,0,0,0,0,3,0,7,0,7,0,57,0,4,4,3,2,1,0,1,0,1,0,0,0,0,0,0,0,0,0,0,0,0,0,0,3,0,4,0,4,0,0,4,0,0,0,0,0,0,0,0,0,0,89,115,0,0,3,0,0,3,0,0,0,0,1,8,2,0,2,0,1,11,0,0,0,0,0,0,0,1,0,4,0,1,1,4,0,7,3,0,1,0,0,0,7,0,0,3,0,0,8,10,0,0,4,13,2,3,1,0,3,2,0,0,4,1,0,3,0,2,2,4,1,0,0,1,2,0,0,2,0,0,0,0,0,2,7,0,0,7869,0,1,1,0,0,0,0,6,0,0,1,133,0,0,3,0,1,1,0,15,3,0,3,1,0,0,23,0,1,0,0,0,6,0,0,0,5,45,20,0,0,2,0,2,0,4,0,1,0,5,0,0,3,0,0,0,103,0,64,4,0,6,0,0,0,0,0,0,0,2,1,3,0,2,4,0,0,0,142,0,0,0,1,0,2,4,557,249,4,307,0,0,3,13,4,0,1,0,0,0,0,1,0,2,86,85,1,0,0,0,0,2,0,5,0,0,3,1,10,0,0,0,759,1,0,3,0,0,30,3,11,0,1,0,0,8,0,0,0,18,0,0,0,0,0,0,0,0,0,0,0,1,17,7,0,0,0,0,0,3,0,604,0,8,1,0,2,1,2,0,244,0,3,0,0,117,0,30,0,2,0,10,4,6,0,28,0,0,0,0,2,9,18,0,0,0,0,2,2,0,6,8,0,11,15,0,5,1,0,14,4,1,36,5,3,2,54,0,0,4,3,0,1,2,0,1,1,0,0,2,3,3,0,0,0,13,0,3,8,0,0,1,8,0,1,0,1,16,2,2,0,1,0,73,21,0,952,5,10157,0,4,1,0,0,11,0,0,0,1,5,7,0,1,0,1,0,1,0,0,0,0,1,0,0,0,0,0,0,5,1,0,0,0,0,0,0,4,2,0,3,61,1,0,2,0,3612,0,19875,6,17,1,1,0,0,1,1853,1,0,1,0,0,8,0,0,7,0,2,0,0,6,2,0,0,0,2,1,0,0,0,0,0,0,0,0,2,0,0,0,1,0,9,0,0,1,1,0,8,0,0,1,0,3,24,10,0,8,3,0,0,0,0,0,0,0,1,0,1,3,37,0,0,0,10,0,47,0,0,0,3,1,0,0,0,0,0,1,7241,0,0,3
C18,80003,0,0,0,1,0,1,0,0,8,0,0,0,0,1,2,6,1,1,1,0,0,15,8,1,0,0,0,0,1,0,0,20,1821,22,0,25,0,28,2,0,2,0,10,8,6,548,0,0,4,40,12,10,12,1,1,5,4,53,3,3,5,3,25,1,1,1,4,0,541,6,25,0,704,38,0,0,0,0,0,2,61,0,0,62,2,14,2,2,0,0,0,0,191,0,0,8,63,0,3,2,2,4,49,3,51,0,0,2,4,11,0,5,5,0,384,0,201,0,1,3,0,1649,2,1,1,3,0,0,3,1,87,0,1,0,0,1,0,2,27,4,0,2,52,0,3,0,2,5,0,0,1,1,0,0,5,0,0,0,0,4,0,2,0,8425,0,1,59096,0,0,2,439,0,23025,0,5,0,0,0,940,0,0,1,1,1,1,23,0,9,1,15,1,0,2,0,0,0,0,0,0,0,1,2,0,0,0,0,1,4,0,0,0,25,60,0,1,0,1,29,25,4,0,0,0,6,0,0,0,0,0,3,1,27,0,0,3,0,1,4,0,1,1,0,0,0,0,0,0,0,7,0,0,0,0,0,0,1,0,1,0,1,0,0,0,0,0,2,0,2,0,1,1,0,0,1,44,38,0,3,2,0,1,0,0,0,0,0,1,0,0,1,1,0,4,0,2,11,1,4,6,3,52,0,13,247,0,1,1,9,0,0,1,0,0,0,0,210,12,7,6,0,0,0,0,4,0,0,0,1,14,4,12,2,434,8,382,0,4,0,0,0,0,0,1,0,0,0,0,3,2,9,2,5,0,68,0,3,13,1,2,2,0,1,0,2,0,0,0,0,0,0,0,0,0,0,0,0,0,0,3,0,3,0,5,0,0,6,0,0,0,2,0,0,0,0,0,1,119,93,0,0,2,0,0,2,0,2,1,0,2,10,1,0,0,0,1,8,0,1,0,0,0,0,0,0,0,3,0,2,0,3,0,9,1,0,1,0,0,0,3,0,0,2,0,0,8,6,0,0,3,8,1,3,1,1,1,2,2,0,5,1,0,4,0,2,3,6,1,0,0,2,2,0,0,4,0,0,1,0,0,1,6,0,0,7821,0,0,1,0,0,0,0,4,0,0,3,135,0,0,3,0,2,1,0,17,5,0,4,1,0,0,20,0,0,0,0,0,7,0,0,0,8,52,23,0,0,1,0,3,0,6,0,1,0,2,0,0,1,0,0,0,146,0,74,5,0,5,0,0,0,0,0,0,0,2,2,3,0,1,3,0,0,0,149,0,0,0,1,1,2,6,653,278,4,360,0,0,1,11,3,0,1,0,0,0,0,0,0,2,74,74,0,0,0,0,0,1,0,5,0,0,2,2,12,0,0,0,786,1,0,2,0,0,30,4,12,0,0,0,0,8,0,0,0,16,0,0,0,0,0,0,0,0,0,0,0,1,20,11,0,0,0,0,0,3,0,741,0,7,2,0,3,1,3,0,270,0,4,0,0,140,0,38,0,2,0,12,4,5,0,28,0,0,0,0,3,6,26,0,0,0,0,1,1,0,9,8,2,13,22,0,3,1,0,15,2,1,44,5,5,3,55,0,2,1,3,0,0,2,0,1,0,0,1,2,1,1,0,0,0,4,0,5,6,0,0,5,6,0,3,0,0,11,1,4,0,0,0,97,18,0,976,3,8811,0,2,1,0,0,9,0,0,0,1,5,7,0,0,0,0,0,1,0,0,0,0,1,0,0,0,0,0,0,8,2,1,0,0,1,2,0,2,1,0,5,65,1,0,1,0,4082,0,23307,12,12,2,2,0,0,1,2129,1,0,0,0,0,6,0,0,5,0,1,0,0,4,1,0,0,0,0,0,0,0,0,0,0,0,0,0,1,0,0,0,1,1,14,0,0,1,2,0,10,0,0,1,0,1,21,11,0,10,1,1,0,0,1,0,0,0,1,0,1,3,34,2,0,0,21,0,70,0,0,0,0,1,0,0,0,0,0,0,6429,0,0,0
C20,81252,0,0,0,0,3,0,0,0,0,3,0,0,0,2,0,0,5,0,3,0,0,2,2,0,0,0,0,0,0,0,0,24,2327,38,0,14,0,21,1,0,1,0,16,5,0,515,0,0,0,44,7,0,4,1,2,8,2,39,3,5,0,1,27,1,1,0,1,3,675,2,25,3,873,44,6,0,2,0,3,2,76,0,0,60,3,18,5,2,0,0,0,0,246,0,1,4,171,0,3,0,1,6,46,1,95,0,0,3,8,13,0,6,6,0,381,0,238,0,1,1,0,2101,3,5,1,1,9,0,0,5,108,2,2,0,0,0,0,2,33,0,0,5,62,0,4,0,7,3,0,0,1,1,0,0,8,0,0,0,0,8,0,6,0,10946,0,0,92812,0,0,2,430,0,23180,1,5,0,1,0,1047,0,1,3,1,3,3,19,0,12,2,20,1,0,2,0,0,0,0,0,0,0,3,0,0,0,0,0,0,2,0,0,0,25,78,0,1,1,0,25,20,5,0,0,0,6,0,0,0,1,0,5,2,42,0,0,3,0,0,5,0,1,2,0,0,0,0,0,0,0,3,0,0,0,0,0,1,0,0,1,0,0,0,0,2,0,0,1,8,2,0,1,0,0,0,1,56,60,0,1,2,0,1,0,2,0,0,1,0,0,0,3,1,0,6,0,1,19,6,6,3,6,55,0,9,332,0,2,2,7,0,1,1,0,0,0,0,279,20,5,12,0,0,0,0,1,0,1,0,1,35,2,11,3,479,17,492,0,7,0,0,0,0,0,1,0,0,2,0,0,3,6,1,6,0,81,0,2,14,2,2,1,0,1,0,2,0,0,1,0,0,0,0,0,0,0,0,0,0,0,2,0,4,0,2,0,0,11,0,0,0,2,0,0,0,0,0,2,154,150,0,0,6,1,0,3,0,2,1,0,1,8,1,0,2,0,2,15,0,0,0,0,0,0,0,0,0,1,0,2,0,1,0,5,0,0,1,0,0,0,11,0,0,3,1,0,6,12,0,0,3,7,3,2,0,2,4,2,1,0,8,2,0,3,0,4,2,7,2,0,0,1,0,0,0,2,0,0,7,0,0,1,3,0,0,9339,0,0,1,1,0,0,0,8,0,0,0,135,0,0,2,0,0,1,0,27,5,0,3,1,0,0,22,0,1,0,1,0,6,0,0,0,4,31,34,0,0,4,0,0,0,7,0,2,0,3,0,0,1,0,0,0,195,0,106,6,0,5,0,0,0,0,0,0,0,3,1,7,0,1,6,0,0,0,171,0,0,0,1,1,1,8,916,287,4,355,0,0,1,15,4,0,0,0,0,0,0,1,0,3,84,104,0,0,0,0,0,0,0,4,0,0,2,1,13,0,0,0,1021,0,0,2,0,0,20,2,14,0,0,0,0,10,0,0,0,20,0,0,0,0,0,0,0,1,0,0,0,1,28,10,0,0,0,0,0,5,0,809,0,7,3,0,5,1,2,0,308,0,4,0,0,184,0,47,0,3,0,18,4,5,0,43,0,0,0,0,3,9,32,0,0,0,0,1,2,0,11,14,3,13,26,0,6,2,2,17,4,2,49,2,3,3,65,0,0,3,4,0,3,2,0,0,0,0,1,1,1,1,0,0,0,9,0,5,5,0,0,3,8,0,1,0,0,9,1,5,0,0,0,77,22,0,1154,5,10748,0,2,0,0,0,16,0,0,0,2,5,7,0,1,0,0,0,1,0,0,0,0,1,0,0,0,0,0,0,8,2,1,0,0,2,0,0,3,2,1,7,78,0,1,2,0,4967,0,28074,8,15,2,2,0,0,2,2121,1,0,0,0,0,4,0,0,4,0,1,0,0,5,1,0,0,0,0,1,0,1,0,0,0,0,0,0,2,0,0,0,1,1,17,0,0,1,2,0,8,0,0,2,0,3,30,18,0,7,1,0,0,0,0,0,0,0,1,0,3,4,46,1,0,0,31,0,103,0,0,0,3,1,0,0,0,1,0,0,8265,0,0,0
C21,75940,0,1,0,0,0,0,0,0,4,3,0,0,0,1,2,3,8,0,4,1,3,8,9,0,0,0,0,0,1,0,0,17,2591,32,0,15,0,49,0,0,1,0,29,14,5,291,0,3,0,61,14,5,6,1,2,7,1,35,4,3,7,0,26,3,2,1,1,1,577,4,28,2,643,39,5,0,0,0,0,0,58,0,0,68,2,15,7,3,0,0,0,0,222,0,0,5,222,0,0,1,1,6,34,2,12,0,0,1,4,8,0,2,3,0,312,0,215,0,1,1,1,1773,2,3,2,2,4,0,1,2,170,0,0,0,0,1,0,3,20,2,0,4,50,0,6,0,5,4,1,0,4,2,0,0,2,0,0,0,0,4,0,3,0,6054,0,0,86934,0,0,1,458,0,17772,3,4,0,1,0,704,0,1,1,1,2,2,19,0,14,1,18,0,0,4,0,0,1,0,0,0,0,3,3,0,0,0,0,0,3,0,0,0,15,55,0,0,0,0,19,19,2,0,0,0,4,0,0,0,1,0,3,1,18,0,0,1,0,1,3,1,0,0,0,0,0,0,0,0,0,2,0,0,0,0,0,1,1,0,1,0,0,0,0,0,0,0,1,2,3,0,2,1,0,0,0,30,46,0,2,1,0,0,0,4,0,0,0,0,0,0,1,2,0,6,0,1,7,2,4,6,7,38,0,8,314,0,1,1,9,0,1,3,0,0,0,0,277,16,8,2,0,0,0,0,2,3,2,0,1,19,4,12,4,480,11,513,0,5,0,0,0,0,0,1,0,0,0,0,1,1,11,2,8,0,66,0,0,4,0,2,1,0,1,0,1,0,0,1,0,0,0,0,0,0,0,0,0,0,0,1,0,2,0,3,0,0,6,0,0,0,1,0,0,0,0,0,1,110,144,0,0,1,0,0,3,0,2,1,0,0,5,2,0,1,0,2,11,0,0,0,0,0,0,0,0,0,3,0,1,0,2,0,4,2,0,1,0,0,0,4,0,1,1,0,0,8,11,2,0,4,10,1,3,1,1,4,3,0,0,2,1,0,3,0,1,3,4,0,0,0,1,2,0,0,1,0,0,1,0,0,0,5,1,0,6575,0,1,0,0,0,0,0,14,0,0,1,107,0,0,3,0,1,0,0,15,2,0,5,1,0,0,20,0,0,0,0,0,2,0,0,0,2,32,19,0,0,1,0,2,0,7,0,1,0,2,0,0,1,0,0,0,115,0,64,4,0,6,0,0,0,0,0,0,0,2,2,5,0,1,6,0,0,0,149,0,0,0,2,0,3,4,553,228,3,302,0,0,3,8,3,0,2,0,0,0,0,1,0,2,46,72,0,0,0,0,0,2,0,5,0,0,3,1,7,0,0,0,897,0,0,1,0,0,21,2,11,0,0,0,0,10,0,0,1,17,0,0,0,0,0,0,0,0,0,0,0,1,19,7,0,0,0,0,0,3,0,618,0,7,2,0,3,1,1,0,222,0,3,0,0,135,0,34,0,2,0,13,4,5,0,30,0,0,0,0,2,7,21,0,0,0,0,0,3,0,6,10,1,9,16,0,4,1,0,14,3,0,35,3,6,4,53,0,1,3,6,0,1,2,0,1,1,0,1,1,1,1,0,0,0,15,0,4,9,0,0,3,11,0,4,0,1,14,1,4,0,0,0,92,21,0,775,5,11290,0,2,0,0,0,9,0,0,0,0,2,6,0,1,0,1,0,1,0,0,0,0,1,0,0,0,0,0,0,7,1,1,0,0,0,0,0,2,1,0,4,59,0,0,1,0,3884,0,20911,7,7,0,1,0,0,1,1712,2,0,1,0,1,7,0,0,4,0,2,0,0,3,2,0,0,0,1,0,0,1,0,0,0,0,0,0,1,0,0,0,1,1,10,0,0,1,1,0,6,0,1,0,0,3,19,12,0,5,1,0,0,0,1,0,1,0,2,0,1,1,20,2,1,0,13,2,45,0,0,0,0,0,0,0,0,0,0,0,7521,0,0,0
C23,82011,0,1,0,1,2,0,0,0,3,0,0,0,0,2,2,0,5,0,1,0,2,13,9,1,0,0,0,3,6,0,0,25,2133,35,0,19,0,64,5,0,2,0,28,7,13,850,0,0,0,76,49,4,13,3,4,7,3,35,2,7,5,3,25,3,1,1,1,2,567,4,18,0,674,47,2,0,0,0,0,1,57,0,0,62,3,14,6,3,0,0,0,0,181,0,0,8,225,0,3,1,1,10,56,2,42,0,0,2,4,8,0,5,8,0,266,0,183,0,0,1,2,1986,2,3,1,2,1,0,3,4,57,3,2,0,0,1,0,2,33,1,0,3,52,0,5,0,8,5,0,0,2,1,0,0,3,0,0,0,0,3,0,3,0,11912,0,0,55445,0,0,2,266,0,23574,1,3,0,1,0,678,0,0,1,2,1,3,14,0,8,0,13,0,0,2,0,0,0,0,0,0,0,1,2,0,0,0,0,0,2,0,0,0,16,38,0,2,0,0,17,21,5,0,0,1,6,0,0,0,0,0,2,1,32,0,0,1,0,0,7,1,0,1,0,0,0,0,0,0,0,4,0,0,0,0,0,1,2,0,0,0,0,0,0,1,0,0,2,3,1,0,1,0,0,0,0,54,51,0,1,2,0,1,0,2,0,0,20,1,0,0,0,1,0,6,0,2,3,4,4,3,3,21,0,6,171,0,1,1,7,0,0,2,0,0,0,0,277,8,5,4,0,0,0,0,2,0,2,0,0,14,2,4,4,326,11,160,0,6,0,0,0,0,0,1,0,0,1,0,2,1,9,0,2,0,17,0,2,6,2,1,0,0,1,0,1,0,0,0,0,0,0,0,0,0,0,0,0,0,0,2,0,4,0,2,1,0,6,0,0,0,2,0,0,0,0,0,1,154,90,0,0,2,0,0,2,0,0,3,0,0,6,1,0,2,0,1,6,0,0,0,0,0,0,0,0,0,3,0,1,0,3,0,5,0,0,0,0,0,0,2,0,0,2,0,0,5,4,0,0,3,12,2,1,1,1,2,1,2,0,7,1,0,6,0,1,8,6,1,0,0,2,1,0,0,4,0,0,6,0,0,1,6,0,0,5839,0,0,0,1,0,0,0,9,0,0,1,118,0,0,3,0,2,1,0,18,4,0,7,0,0,0,17,0,2,0,0,0,6,0,0,0,2,30,14,0,0,0,0,1,0,6,0,1,0,4,0,0,1,0,0,0,194,0,106,5,0,8,0,0,0,0,0,0,0,1,0,2,0,1,5,0,0,0,114,0,0,0,2,0,3,1,748,306,5,422,0,0,1,5,4,0,0,0,0,0,0,0,0,1,95,100,0,0,0,0,0,1,0,3,0,0,1,1,5,0,0,0,441,0,0,1,0,0,14,2,6,0,0,0,0,4,0,0,0,16,0,0,0,0,0,0,0,0,0,0,0,1,18,9,0,0,0,0,0,3,0,629,0,8,1,0,3,1,3,0,207,0,2,0,0,149,0,29,0,1,0,14,4,6,0,19,0,0,0,0,3,8,24,0,0,0,0,1,1,0,10,9,2,9,14,0,4,1,2,12,4,1,37,5,3,3,48,0,1,1,2,0,1,2,0,0,1,0,0,1,0,0,0,0,0,7,0,3,6,0,0,3,2,0,2,0,1,2,1,4,0,0,0,39,9,0,708,3,4232,0,1,0,0,0,10,0,0,0,1,2,4,0,1,0,0,0,1,0,0,0,0,0,0,0,0,0,0,0,7,2,1,0,0,1,0,0,2,2,0,4,61,1,0,1,0,4203,0,21539,6,11,1,1,0,0,1,1787,2,0,1,0,1,5,0,0,4,0,0,0,0,2,1,0,0,0,0,0,0,1,0,0,0,0,0,0,0,0,0,0,2,1,6,0,0,1,2,0,6,0,1,1,0,2,18,14,0,7,1,0,0,0,0,0,0,0,0,0,1,3,25,1,0,1,14,1,45,0,0,0,2,0,0,0,0,0,0,0,4924,0,0,0
C24,70953,1,0,0,0,0,0,0,0,0,0,0,0,0,0,1,1,10,0,1,0,1,3,2,0,0,0,0,0,0,0,0,20,2837,9,0,18,0,11,1,0,0,0,10,6,0,477,0,0,0,27,3,8,4,0,2,8,3,26,0,0,2,5,23,4,0,1,1,2,648,0,29,0,947,18,0,0,0,0,0,1,62,0,0,94,4,14,4,3,0,0,0,0,212,0,0,3,206,1,4,1,1,5,51,2,79,0,0,1,3,14,0,7,8,0,471,1,246,0,0,2,2,2103,2,2,1,1,3,0,1,1,84,2,0,0,0,0,0,2,30,2,0,2,53,0,2,0,6,4,0,0,5,1,0,0,4,0,0,0,0,6,0,2,0,6380,0,0,64627,0,0,1,367,0,19742,0,3,0,1,0,1096,0,1,1,1,4,1,14,0,10,3,18,1,0,1,0,0,0,0,0,0,0,2,2,0,0,0,0,1,3,0,0,0,14,79,0,2,0,0,25,25,3,0,0,0,8,0,0,0,0,0,2,1,18,0,0,1,0,2,4,1,1,2,0,0,0,0,0,0,0,4,0,0,0,0,0,1,0,0,1,0,0,0,0,1,0,1,0,4,2,0,2,0,0,0,0,19,55,0,2,2,0,1,0,2,0,0,0,0,0,1,1,1,0,5,0,0,12,4,4,3,7,57,0,17,277,0,1,1,5,0,0,0,0,0,0,0,242,12,7,9,0,0,0,0,3,0,1,0,0,38,1,2,5,429,21,450,0,4,1,0,0,0,0,2,0,0,0,0,2,0,2,0,4,0,66,0,2,3,2,1,0,0,1,0,1,0,0,1,0,0,0,0,0,0,0,0,0,0,0,3,0,4,0,3,0,0,9,0,0,0,1,0,0,0,0,0,1,146,131,0,0,2,0,0,3,0,1,2,0,0,9,3,0,1,0,1,7,0,0,0,0,0,0,0,0,0,2,0,2,0,1,0,4,2,0,2,0,0,0,8,0,0,1,0,0,9,5,1,0,3,17,0,1,1,1,3,3,1,0,6,1,0,3,0,3,3,3,1,0,0,3,1,0,0,2,0,0,0,0,0,0,4,0,0,10033,0,1,1,2,0,0,0,6,0,0,2,123,0,0,2,0,1,1,0,24,4,0,6,1,0,0,16,0,2,0,0,0,5,0,0,0,4,37,31,0,0,1,0,5,0,5,0,1,0,2,0,0,1,0,0,0,160,0,88,5,0,5,0,0,0,0,0,0,0,3,2,3,0,1,4,0,0,0,153,0,0,0,1,1,1,5,608,190,3,262,0,0,3,17,6,0,3,0,0,0,0,1,0,3,88,87,0,0,0,0,0,2,0,4,0,0,2,1,17,0,0,0,1262,1,0,2,0,0,21,3,17,0,0,0,0,6,0,0,1,20,0,0,0,0,0,0,0,0,0,0,0,1,28,11,0,0,0,0,0,5,0,855,0,9,2,0,4,1,2,0,293,0,3,0,0,170,0,38,0,2,0,14,4,5,0,41,0,0,0,0,3,9,33,0,0,0,0,1,2,0,9,11,2,13,25,0,6,1,0,20,4,0,48,3,4,3,58,0,0,2,2,0,2,3,0,1,0,0,1,0,2,1,0,0,0,12,0,5,10,0,0,2,7,0,4,0,0,18,1,5,0,0,0,98,29,0,1150,6,10653,0,1,0,0,0,16,0,0,0,1,6,7,0,1,0,1,0,1,0,0,0,0,0,0,0,0,0,0,0,6,0,1,0,0,2,0,0,3,1,0,7,80,1,1,2,0,4239,0,26359,10,17,0,1,0,0,0,1937,1,0,2,0,1,6,0,0,2,0,2,0,0,3,3,0,0,0,1,1,0,1,0,0,0,0,0,0,1,0,0,0,1,1,14,0,0,2,2,0,11,0,0,2,0,2,31,17,0,11,1,0,0,0,1,0,0,0,2,0,4,2,35,2,0,0,25,1,90,0,0,0,1,1,0,0,1,0,0,0,8039,1,0,2
C25,81034,0,0,0,0,0,0,0,0,5,0,0,0,0,2,2,2,7,0,2,0,1,4,7,1,0,0,0,0,0,0,0,20,2389,20,0,9,0,28,2,1,0,0,20,8,18,473,0,0,0,33,0,6,7,1,2,4,3,37,0,2,2,2,14,4,0,1,1,2,479,3,25,0,797,33,0,0,0,0,0,1,45,0,0,102,3,13,3,2,0,0,0,0,192,0,0,2,182,0,3,1,2,4,45,2,37,0,0,2,0,10,0,3,1,0,336,0,214,0,0,3,1,1814,2,3,1,1,2,0,0,2,111,0,1,0,0,3,0,1,31,2,0,3,41,0,6,0,5,5,0,1,3,1,0,0,2,0,0,0,1,3,0,3,0,6524,0,1,71829,0,0,1,432,0,18193,0,4,0,2,0,957,0,0,1,2,3,2,10,0,14,1,18,1,0,3,0,0,0,0,0,0,0,1,0,0,0,0,0,0,2,0,0,0,17,83,0,2,0,1,19,17,2,0,0,0,11,0,0,0,1,0,1,1,14,0,0,1,0,1,5,0,1,1,0,0,0,0,0,0,0,4,0,0,0,0,0,1,2,0,1,0,0,0,0,1,1,1,1,2,1,0,1,1,0,0,0,38,54,0,3,1,0,0,0,2,0,0,0,0,0,0,1,2,1,5,0,2,13,0,4,3,9,36,0,14,251,0,1,1,10,0,2,1,0,0,0,0,259,11,7,9,0,0,0,1,3,0,0,0,0,25,1,14,3,385,10,496,0,5,0,0,0,0,0,0,0,0,2,0,2,1,7,0,3,0,68,0,4,9,2,1,0,0,1,0,2,0,0,1,0,0,0,0,0,0,0,0,0,0,0,2,0,3,0,2,0,0,6,0,0,0,1,0,0,0,0,0,1,117,136,0,0,4,0,0,2,0,1,3,0,1,9,2,0,1,0,1,14,0,0,0,0,0,0,0,1,0,1,0,1,1,2,0,5,4,0,2,0,0,0,6,0,0,1,2,0,7,4,1,0,6,14,3,2,0,0,2,3,2,0,2,1,0,3,0,1,3,6,1,0,0,1,0,0,0,2,0,0,4,0,0,3,6,0,0,9819,0,0,1,2,0,0,0,5,0,0,0,124,0,0,2,0,2,1,0,22,4,0,6,0,0,0,23,0,0,0,0,0,5,0,0,0,4,35,22,0,0,2,0,5,0,7,0,1,0,4,0,0,2,0,0,0,109,0,72,6,0,4,0,0,0,0,0,0,0,2,2,2,0,1,3,0,0,0,171,0,0,0,1,0,2,4,652,200,4,263,0,0,1,12,6,0,2,0,0,0,0,2,0,1,85,64,0,0,0,0,0,1,0,6,0,0,3,0,14,0,0,0,1087,1,0,3,0,0,21,2,14,0,0,0,0,11,0,0,0,17,0,0,0,0,0,0,0,0,0,0,0,1,23,12,0,0,0,0,0,4,0,687,0,8,1,0,4,0,2,0,249,0,4,0,0,141,0,40,0,2,0,17,5,4,0,34,0,0,0,0,2,10,28,0,0,0,0,1,2,0,9,12,1,11,22,0,4,1,0,15,3,1,44,4,3,2,54,0,3,3,3,0,3,2,0,1,0,0,1,2,3,1,0,0,0,12,0,2,6,0,0,5,8,0,4,0,0,13,2,8,0,2,0,76,29,0,1282,5,10284,0,2,1,0,0,8,0,0,0,1,7,12,0,0,0,0,0,1,0,0,0,0,0,0,0,0,0,0,0,5,0,0,0,0,1,0,0,3,1,0,6,66,0,1,4,0,3860,0,22370,8,14,0,1,0,0,0,1634,3,0,1,0,2,6,0,0,3,0,2,0,0,3,2,0,0,0,1,0,0,1,0,0,0,0,0,0,1,0,0,0,0,2,13,0,0,1,2,0,8,0,0,1,0,4,19,13,0,11,3,0,0,0,0,0,0,1,1,0,3,2,44,2,0,0,21,2,66,0,0,0,1,2,0,0,0,0,0,0,7540,0,0,0
C27,74633,1,1,1,1,0,0,5,0,5,0,0,0,0,0,0,0,6,0,1,0,3,6,11,0,0,0,0,1,2,0,0,43,2948,17,0,12,0,62,4,0,1,1,17,6,0,547,0,0,0,93,24,5,24,2,5,3,2,40,3,2,7,4,17,2,0,0,2,4,416,2,32,2,627,28,2,0,0,0,0,1,47,0,1,47,2,6,3,1,0,0,0,0,166,0,1,19,231,0,1,1,2,9,37,3,16,0,0,4,3,7,0,2,6,0,279,0,170,0,1,1,1,1670,1,3,1,1,5,0,1,4,118,1,1,0,0,2,0,3,22,1,0,1,38,0,4,0,7,3,0,0,4,1,0,0,4,0,0,0,0,10,0,3,1,9747,0,1,70917,0,0,1,240,0,23697,1,3,0,0,0,472,0,1,1,1,1,2,17,0,13,2,12,0,0,1,0,0,0,0,0,0,0,2,1,0,0,0,0,0,2,0,0,0,12,34,0,1,0,1,11,11,3,0,0,0,6,0,0,0,0,1,4,1,25,0,0,0,0,0,3,2,1,2,0,0,0,0,0,0,0,1,0,0,0,0,0,1,1,0,1,0,0,0,0,1,0,0,3,1,2,0,1,1,0,0,0,36,20,0,3,1,0,0,0,1,0,0,32,1,0,1,1,2,0,11,0,1,7,1,2,4,1,9,0,17,181,0,1,2,7,0,0,1,0,0,0,0,273,9,7,4,0,0,0,0,2,1,1,0,2,18,3,21,3,377,9,223,0,5,0,0,1,0,0,1,0,0,2,0,1,1,6,0,7,0,19,0,3,4,0,1,0,0,1,0,1,0,0,1,0,0,0,0,0,0,0,0,0,0,0,1,0,3,0,1,0,0,5,0,0,0,1,0,0,0,0,0,1,108,84,0,0,4,0,0,3,0,2,2,0,1,5,2,0,2,0,1,4,0,0,0,0,0,0,0,0,0,3,0,2,1,2,0,3,1,0,2,0,0,0,3,0,0,1,0,0,7,6,1,0,2,12,1,2,1,1,1,2,1,0,4,2,0,3,0,1,3,6,0,0,0,1,0,0,0,3,0,0,6,0,0,2,5,0,0,3695,0,0,0,2,0,0,0,6,0,0,1,115,0,0,4,0,1,1,0,12,6,0,3,0,0,0,12,0,1,0,0,0,4,0,0,0,4,21,22,0,0,1,0,2,0,3,0,0,0,5,0,0,1,0,0,0,139,0,74,4,0,7,0,0,0,0,0,0,0,1,0,5,0,1,2,0,0,0,116,0,0,0,2,0,2,4,674,265,5,375,0,0,2,7,6,0,1,0,0,0,0,1,0,2,62,104,0,0,0,0,0,0,0,4,0,0,1,1,5,0,0,0,453,1,0,2,0,0,17,3,5,0,0,0,0,7,0,0,0,10,0,0,0,0,0,0,0,0,0,0,0,1,14,7,0,0,0,0,0,2,0,548,0,8,1,0,3,1,2,0,184,0,4,0,0,116,0,26,0,1,0,12,4,11,0,20,0,0,0,0,1,6,18,0,0,0,0,1,1,0,7,8,1,10,20,0,5,1,1,11,2,0,35,5,4,2,57,0,0,1,3,0,2,2,0,1,1,0,0,1,1,1,0,0,0,6,0,1,6,0,0,3,3,0,2,0,1,4,1,4,0,0,0,50,14,0,707,2,5789,0,3,1,0,0,8,0,0,0,1,2,3,0,1,0,1,0,1,0,0,0,0,1,0,0,0,0,0,0,5,1,1,0,0,0,0,0,4,3,0,3,50,1,0,1,0,3555,0,18322,5,10,0,1,0,0,1,1755,1,0,1,0,1,6,0,0,3,0,2,0,0,2,1,0,0,0,0,0,0,1,0,0,0,0,0,0,0,0,0,0,2,1,5,0,0,1,1,0,6,0,0,1,0,1,15,9,0,7,0,0,0,0,0,0,0,0,1,0,2,1,23,0,0,0,15,2,33,0,0,0,1,1,0,0,0,0,0,0,4745,0,0,0
C34,68963,0,0,0,0,0,0,3,0,5,3,0,0,0,1,1,4,8,0,0,0,0,4,6,1,0,0,0,0,2,0,0,16,2342,19,1,15,0,13,5,0,1,0,19,17,12,447,1,0,0,18,10,3,0,0,1,2,6,28,1,0,4,0,26,4,0,0,1,3,508,6,42,3,837,16,3,5,0,0,0,0,43,0,0,31,2,15,3,2,0,0,0,0,183,0,0,0,187,0,3,2,3,4,47,4,50,0,0,2,2,19,0,2,4,0,380,0,318,1,0,2,1,2013,0,1,1,3,1,0,0,1,81,0,2,0,0,1,0,2,41,1,0,2,49,0,6,0,3,2,1,0,2,1,0,0,5,0,0,0,0,4,0,1,0,7064,0,0,84245,0,0,1,416,0,19287,2,0,0,1,0,1136,0,1,1,2,3,7,16,0,12,2,23,0,0,3,0,0,0,0,0,2,1,1,1,0,0,0,0,0,1,0,0,0,24,95,0,1,0,0,30,31,3,0,0,0,8,0,0,0,0,0,1,4,19,0,0,1,0,0,4,2,0,1,0,0,0,0,1,0,0,3,0,0,0,0,0,1,1,0,2,0,0,0,0,1,0,0,1,5,0,0,1,1,0,0,1,38,52,0,3,1,0,0,0,1,0,0,3,0,0,0,1,1,0,6,0,1,10,8,5,7,5,69,0,10,278,0,2,0,8,0,2,0,0,0,0,0,148,9,9,4,0,0,0,0,2,0,1,0,0,24,1,7,3,342,9,391,0,4,0,0,0,0,0,1,0,0,1,0,2,2,6,0,9,0,51,0,1,6,2,1,0,0,0,0,1,0,0,1,0,0,0,0,0,0,0,0,0,0,0,1,0,5,0,2,0,0,12,0,0,0,3,0,0,0,0,0,1,160,150,0,0,4,1,0,2,0,1,1,0,1,6,2,0,1,0,1,5,0,0,0,0,0,0,0,0,0,1,0,1,0,1,0,10,1,0,2,0,0,0,4,0,0,4,0,0,6,6,1,0,4,18,3,3,2,1,4,1,1,0,7,1,0,5,0,3,3,4,1,0,0,2,2,0,0,2,0,0,2,0,0,2,4,2,0,13884,0,0,0,1,0,0,0,10,0,0,1,129,0,0,2,0,2,0,0,18,4,0,6,1,0,0,19,0,0,0,1,0,5,0,0,0,2,56,37,0,0,2,0,3,0,5,0,2,0,4,0,0,1,0,0,0,169,0,99,6,0,4,0,0,0,0,0,0,0,1,0,6,0,2,4,0,0,0,161,0,0,0,1,1,1,14,735,164,3,249,0,0,3,9,4,0,1,0,0,0,0,1,0,1,73,69,0,0,0,0,0,1,0,3,0,0,4,1,16,0,0,0,1439,1,0,3,0,0,20,2,20,0,0,0,0,11,0,0,0,21,0,0,0,0,0,0,0,0,0,0,1,1,28,10,0,0,0,0,0,4,0,903,0,11,2,0,7,2,4,0,305,0,3,0,0,172,0,46,0,1,0,18,6,6,0,43,0,0,0,0,4,9,37,0,0,0,0,1,1,0,17,13,2,18,25,0,6,1,2,17,5,0,58,2,3,4,61,0,2,4,5,0,0,1,0,3,1,0,0,2,2,1,0,0,0,16,0,5,2,0,0,1,8,0,3,0,0,9,3,8,0,1,0,109,35,0,1295,13,10170,0,2,0,0,0,13,0,0,0,0,5,10,0,1,0,1,0,1,0,1,0,0,1,0,0,0,0,0,0,7,1,0,0,0,1,2,0,4,2,0,10,84,0,0,3,0,4633,0,28636,11,20,2,1,0,0,1,1984,1,0,1,0,1,9,0,0,5,0,2,0,0,9,3,0,0,0,1,3,0,2,0,0,0,0,0,0,1,0,0,0,2,1,15,0,0,0,1,0,10,0,0,1,0,3,30,14,0,8,2,0,0,0,0,0,0,1,1,0,1,2,59,1,0,0,17,1,122,0,0,0,3,4,0,0,1,0,0,0,7568,0,0,2
C35,83035,0,0,0,2,0,0,3,0,0,0,0,0,2,1,4,3,3,0,0,0,2,4,4,0,0,0,0,0,3,0,0,16,2101,26,1,8,0,39,5,0,0,0,11,2,3,324,0,0,0,42,8,12,4,2,1,2,4,43,1,5,9,2,20,4,2,3,0,8,488,5,19,0,728,37,3,0,0,3,0,1,42,0,0,75,3,9,5,1,0,0,0,0,174,0,0,6,228,0,2,0,1,8,27,1,62,0,0,1,3,12,0,6,3,0,315,1,184,0,1,0,0,1701,1,2,0,3,1,0,1,3,132,0,2,0,0,2,0,2,20,3,0,3,35,0,9,0,5,3,0,0,3,1,0,0,1,0,0,0,0,0,0,1,0,5044,0,0,71330,0,0,1,398,0,14818,0,3,2,1,0,803,0,0,1,1,2,3,13,0,11,2,18,1,0,5,0,0,0,0,0,0,0,1,3,0,0,0,0,2,4,0,0,0,21,75,0,1,0,0,16,15,3,0,0,0,8,0,0,0,1,0,6,1,17,0,0,1,0,3,5,0,0,0,0,0,1,0,1,0,0,3,0,0,0,0,0,1,1,0,0,0,0,0,0,4,0,0,1,2,1,0,1,1,0,0,0,20,54,0,1,2,0,0,0,1,0,0,1,0,0,0,1,1,0,9,0,1,19,0,3,5,2,42,0,5,226,0,0,3,13,0,1,1,0,0,0,0,316,11,5,6,0,0,0,1,3,1,1,0,1,28,3,11,6,502,12,468,0,3,0,0,0,0,0,1,0,0,1,0,2,1,4,1,4,0,54,0,2,3,1,3,1,0,0,0,1,0,0,1,0,0,0,0,0,0,0,0,0,0,0,2,0,2,0,1,0,0,4,0,0,0,0,0,0,0,0,0,1,76,119,0,0,4,0,0,3,0,2,0,0,1,10,1,0,1,0,2,16,0,0,0,0,0,0,0,0,0,2,0,1,2,5,0,9,2,0,5,0,0,0,7,0,0,0,1,0,10,6,0,0,3,17,3,1,1,1,2,1,0,0,1,1,0,1,0,1,3,4,1,0,0,1,1,0,0,1,0,0,3,0,0,0,5,0,0,7495,0,0,0,1,0,0,0,3,0,0,1,84,0,0,3,0,1,1,0,18,2,0,5,0,0,0,13,0,0,0,1,0,2,0,0,0,5,35,7,0,0,1,0,1,0,3,0,1,0,3,0,0,1,0,0,0,96,0,55,4,0,3,0,0,0,0,0,0,0,1,1,4,0,1,1,0,0,0,161,0,0,0,1,0,2,3,569,162,3,246,0,0,1,9,3,0,0,0,0,0,0,0,0,1,41,60,0,1,0,0,0,2,0,3,0,0,3,0,6,0,0,0,922,2,0,1,0,0,15,3,11,0,0,0,0,13,0,0,1,15,0,0,0,0,0,0,0,0,0,0,0,0,21,5,0,0,0,0,0,2,0,515,0,4,1,0,2,1,2,0,187,0,2,0,0,115,0,27,0,1,0,12,2,3,0,35,0,0,0,0,1,4,16,0,0,0,0,1,2,0,5,6,2,6,12,0,3,0,1,10,3,1,27,4,3,1,44,0,1,3,4,0,0,1,0,2,1,0,1,4,4,0,0,0,0,23,0,3,3,0,0,1,10,0,6,0,0,8,1,6,0,0,0,112,32,0,865,9,10407,0,1,0,0,0,11,0,0,0,0,6,13,0,1,0,1,0,1,0,0,0,0,0,0,0,0,0,0,0,5,1,1,0,0,1,2,0,2,1,1,3,54,1,0,0,0,3011,0,17042,6,14,1,1,0,0,0,1438,0,0,1,0,1,6,0,0,6,0,1,0,0,1,1,0,0,0,0,1,0,3,0,0,0,0,0,0,4,0,1,0,0,0,6,0,0,1,1,0,6,0,0,1,0,4,13,10,0,6,0,0,0,0,0,0,0,0,0,0,0,2,33,2,0,0,16,0,36,0,0,0,0,0,0,0,0,0,0,0,7396,0,0,0
C36,78017,0,0,0,1,0,0,0,0,7,0,0,0,0,1,1,0,5,0,1,1,1,6,3,1,0,0,0,2,4,0,0,18,2087,25,0,13,0,28,1,0,1,0,14,4,8,320,0,0,0,53,12,7,6,1,2,5,2,37,0,1,5,2,18,3,0,1,1,4,450,2,20,0,706,36,0,0,0,0,0,1,40,0,0,69,3,12,5,2,0,0,0,0,160,0,0,5,197,0,3,1,0,6,35,0,0,0,0,2,2,7,0,2,5,0,275,0,189,1,1,2,1,1538,1,2,1,3,4,0,0,2,111,2,0,0,0,1,0,1,25,2,0,6,41,0,4,0,6,4,0,0,3,1,0,0,2,0,0,0,0,6,0,3,0,4999,0,0,71899,0,0,1,361,0,17640,2,5,0,1,0,728,0,1,1,1,2,3,12,0,14,0,12,0,0,2,0,0,0,0,0,0,0,2,1,0,0,0,0,1,2,0,0,0,19,79,0,1,0,1,18,16,2,0,0,0,9,0,0,0,0,0,2,0,10,0,0,3,0,0,4,0,1,2,0,0,0,0,0,0,0,2,0,0,0,0,0,1,1,0,1,0,0,0,0,1,0,0,0,3,2,0,0,0,0,0,0,27,39,0,0,2,0,0,0,1,0,0,0,0,0,1,1,3,0,8,0,1,4,3,4,3,5,26,0,12,227,0,1,1,5,0,1,1,0,0,0,0,252,17,7,5,0,0,0,1,1,0,2,0,2,33,3,12,8,517,10,417,0,3,0,0,0,0,0,1,0,0,0,0,2,0,10,1,5,0,52,0,5,4,1,2,0,0,1,0,0,0,0,1,0,0,0,0,0,0,0,0,0,0,0,1,0,2,0,0,0,0,7,0,0,0,1,0,0,0,0,0,2,79,127,0,0,2,0,0,3,0,1,1,0,2,6,2,0,1,0,2,4,0,0,0,0,0,0,0,0,0,3,0,0,0,1,0,9,1,0,3,0,0,0,8,0,0,2,1,0,7,10,0,0,2,24,1,2,1,1,2,3,0,0,4,1,0,3,0,1,3,4,1,0,0,1,1,0,0,2,0,0,5,0,0,1,5,1,0,5382,0,0,0,1,0,0,0,8,0,0,1,104,0,0,1,0,0,1,0,11,3,0,3,0,0,0,19,0,1,0,0,0,4,0,0,0,3,30,10,0,0,3,0,1,0,2,0,1,0,2,0,0,1,0,0,0,95,0,58,6,0,5,0,0,0,0,0,0,0,1,2,12,0,1,4,0,0,0,154,0,0,0,2,0,2,6,452,155,2,236,0,0,1,8,4,0,1,0,0,0,0,1,0,1,80,69,0,0,0,0,0,2,0,3,0,0,2,2,12,0,0,0,874,1,0,2,0,0,22,3,11,0,0,0,0,9,0,0,0,15,0,0,0,0,0,0,0,0,0,0,1,0,15,8,0,0,0,0,0,3,0,567,0,5,1,0,4,1,2,0,188,0,2,0,0,109,0,29,0,0,1,9,2,5,0,37,0,0,0,0,1,6,21,0,0,0,0,1,1,0,6,7,2,9,16,0,4,0,0,13,3,1,32,1,4,2,51,0,1,3,6,1,3,3,0,1,1,0,0,1,3,1,0,0,0,12,0,5,7,0,0,3,6,0,4,0,0,13,2,4,0,1,0,97,17,0,832,5,11146,0,3,1,0,0,8,0,0,0,1,1,6,0,2,0,1,0,1,0,0,0,0,1,0,0,0,0,0,0,5,0,0,0,0,1,1,0,2,2,0,4,51,1,0,0,0,3157,0,18065,4,11,1,0,0,0,1,1461,1,0,0,0,1,5,0,0,5,0,2,0,0,2,2,0,0,0,1,1,0,1,0,0,0,0,0,0,1,0,1,0,1,0,9,0,0,1,1,0,5,0,0,1,0,3,17,10,0,5,1,1,0,0,1,0,0,0,1,0,2,1,33,2,0,0,13,0,53,0,0,0,0,1,0,0,0,0,0,0,6817,0,0,0
C37,74634,0,1,0,0,0,0,5,0,0,3,7,1,0,1,2,0,4,0,1,0,3,5,3,0,0,0,0,2,2,0,0,18,2232,35,0,4,0,41,3,0,1,0,16,7,3,243,0,0,0,58,5,3,6,1,2,4,3,35,1,0,4,1,20,2,1,1,2,4,414,3,11,0,553,28,2,0,0,0,0,0,41,0,0,30,1,15,6,3,0,0,0,0,171,0,0,7,113,0,0,1,1,5,17,3,60,0,0,3,4,3,0,4,4,0,254,0,149,0,1,3,2,1492,2,1,1,3,3,0,1,1,158,0,1,0,0,2,0,1,23,4,0,5,36,0,5,0,7,3,0,1,2,2,0,0,3,0,0,0,0,4,0,2,0,4411,0,0,55325,0,0,1,335,0,14969,0,3,1,1,0,685,0,0,0,1,1,2,11,0,12,2,11,0,0,2,0,0,0,0,0,0,0,2,1,0,0,0,0,0,1,0,0,0,17,58,0,2,0,0,14,13,1,0,0,0,6,0,0,0,0,0,2,1,13,0,0,1,0,0,4,0,3,2,0,0,0,0,1,0,0,2,0,0,0,0,0,1,2,0,1,0,0,0,0,1,0,0,0,1,2,0,1,1,0,0,0,21,50,0,0,1,0,1,0,2,0,0,0,0,0,0,1,1,0,8,0,1,9,1,6,2,7,24,0,14,268,0,2,1,5,0,0,0,0,0,0,0,221,10,4,13,0,0,0,0,3,0,2,1,2,26,2,19,3,430,9,376,0,4,1,0,0,0,0,1,0,0,1,0,1,1,7,0,6,0,53,1,4,7,0,2,0,0,0,0,0,0,0,0,0,0,0,0,0,0,0,0,0,0,0,1,0,1,0,1,0,0,4,0,0,0,1,0,0,0,0,0,1,62,90,0,0,3,0,0,4,0,2,3,0,0,6,1,0,2,0,1,5,0,0,0,0,0,0,0,0,0,5,0,0,0,3,0,5,1,0,2,0,0,0,9,0,0,1,0,0,11,8,0,0,2,19,1,2,1,2,5,1,0,0,5,1,0,2,0,1,2,3,1,0,0,1,2,0,0,3,0,0,3,0,0,1,6,0,0,4812,0,0,0,2,0,0,0,3,0,0,1,91,0,0,2,0,0,2,0,14,3,0,3,1,0,0,12,0,0,0,0,0,1,0,0,0,3,29,14,0,0,5,0,3,0,2,0,1,0,1,0,0,1,0,0,0,84,0,42,3,0,4,0,0,0,0,0,0,0,1,1,3,0,1,2,0,0,0,126,0,0,0,2,0,1,7,386,161,2,282,0,0,3,4,4,0,2,0,0,0,0,2,0,0,39,61,1,0,0,0,0,2,0,3,0,0,2,1,10,0,0,0,794,0,0,5,0,0,22,3,7,0,0,0,0,10,0,0,1,14,0,0,0,0,0,0,0,0,0,0,0,1,15,4,0,0,0,0,0,2,0,479,0,6,1,0,2,1,3,0,160,0,3,0,0,89,0,27,0,1,0,9,4,4,0,32,0,0,0,0,2,5,17,0,0,0,0,1,1,0,6,7,1,10,10,0,3,2,0,11,2,0,28,2,3,1,49,0,0,1,4,0,5,2,1,0,3,0,0,1,1,0,0,0,0,16,0,2,1,0,0,6,9,0,4,0,0,13,1,7,0,0,0,85,21,0,686,5,10407,0,4,1,0,0,5,0,0,0,1,4,4,0,0,0,0,0,0,0,0,0,0,1,0,0,0,0,0,0,4,1,0,0,0,1,2,0,3,1,0,2,44,0,0,1,0,2705,0,15097,4,9,1,1,0,0,1,1290,0,0,1,0,0,6,0,0,2,0,2,0,0,6,2,0,0,0,1,0,0,1,0,0,0,0,1,0,2,0,0,0,1,0,9,0,0,1,1,0,3,0,0,1,0,2,14,7,0,5,1,0,0,0,0,0,0,0,0,0,1,2,14,2,0,0,14,0,57,0,0,1,0,0,0,0,0,0,0,0,6892,0,0,2
C38,89040,0,0,1,3,4,0,5,2,0,3,0,0,0,0,3,0,0,0,1,0,2,5,1,0,0,0,0,0,0,0,0,13,743,18,0,26,0,19,0,0,1,0,25,7,6,385,0,0,0,34,16,2,12,1,1,4,2,49,0,3,6,0,20,3,0,1,1,5,385,7,18,0,608,36,0,0,0,0,0,1,46,0,0,59,3,11,5,2,0,0,0,0,147,0,0,4,182,0,3,2,3,4,39,2,32,0,0,2,1,6,0,6,3,0,339,1,208,0,1,1,0,1581,2,1,1,3,1,0,0,1,106,0,2,0,0,2,0,1,37,3,0,5,40,0,6,0,11,4,0,0,2,2,0,0,4,0,0,0,0,2,0,3,0,7624,0,1,70403,0,0,1,457,0,20681,1,4,0,1,0,786,0,1,2,1,3,2,18,0,11,2,15,0,0,3,0,0,0,0,0,0,0,2,2,0,0,0,0,0,3,0,0,0,21,81,0,1,0,1,16,19,4,0,0,0,9,0,0,0,1,0,3,1,20,0,0,1,0,1,4,0,0,0,0,0,0,0,1,0,0,4,0,0,0,0,0,1,1,0,1,0,1,0,0,2,0,0,1,2,2,0,1,1,0,0,0,30,62,0,3,1,0,0,0,2,0,1,0,0,1,0,1,2,0,6,0,1,6,5,5,3,9,19,0,11,217,0,1,1,14,0,0,2,0,0,0,0,223,17,5,14,0,0,0,1,2,0,1,0,0,25,3,14,2,422,7,379,0,5,0,0,0,0,0,1,0,0,0,0,2,0,9,0,5,0,65,0,4,6,2,2,1,0,1,0,1,0,0,2,0,0,0,0,0,0,0,0,0,0,0,2,0,3,0,1,0,0,6,0,0,0,1,0,0,0,0,0,1,104,122,0,0,2,1,0,3,0,1,2,0,1,5,1,0,1,0,0,9,0,0,0,0,0,0,0,0,0,2,0,1,0,4,0,3,1,0,1,0,0,0,3,0,0,1,0,0,5,6,2,0,2,19,0,4,0,1,4,2,1,0,5,2,0,4,0,2,4,7,0,0,0,1,1,0,0,2,0,0,2,0,0,0,7,0,0,5240,0,1,0,1,0,0,0,8,0,0,1,123,0,0,4,0,2,1,0,14,4,0,7,1,0,0,16,0,2,0,1,0,10,0,0,0,5,35,17,0,0,1,0,0,0,5,0,2,0,5,0,0,0,0,0,0,101,0,67,4,0,6,0,0,0,0,0,0,0,1,2,4,0,0,5,0,0,0,145,0,0,0,2,0,1,5,461,224,3,319,0,0,5,11,4,0,1,0,0,0,0,0,0,2,77,78,0,0,0,0,0,2,0,6,0,0,3,1,12,0,0,0,878,1,0,3,0,0,21,3,12,0,0,0,0,9,0,0,1,22,0,0,0,0,0,0,0,1,0,0,0,2,20,9,0,0,0,0,0,4,0,639,0,6,2,0,4,1,2,0,225,0,3,0,0,124,0,36,0,1,0,16,3,4,0,30,0,0,0,0,3,8,21,0,0,0,0,0,2,0,8,8,1,12,18,0,4,1,1,13,3,0,41,5,5,4,47,0,1,2,3,0,1,3,0,1,2,0,0,0,2,1,0,0,0,8,0,2,2,0,0,1,7,0,4,0,0,17,1,4,0,0,1,82,25,0,925,7,10742,0,1,0,0,0,7,0,0,0,0,3,8,0,2,0,0,0,1,0,0,0,0,1,0,0,0,0,0,0,6,0,0,0,0,1,1,0,1,2,1,5,57,0,0,1,0,3493,0,20888,6,10,1,0,0,0,0,1785,1,0,1,0,1,4,0,0,4,0,1,0,0,3,1,0,0,0,0,0,0,1,0,0,0,0,0,0,2,0,0,0,1,1,12,0,0,0,2,0,8,0,0,1,0,4,22,13,0,9,0,0,0,0,0,1,0,0,2,0,3,1,19,2,0,0,8,0,73,0,0,0,0,1,0,0,0,0,0,0,7364,0,0,0
C39,61469,2,0,0,2,0,0,0,0,0,0,8,1,0,2,2,0,2,0,2,0,2,0,6,0,0,0,0,4,0,0,0,19,1711,12,1,8,0,51,3,0,0,0,28,8,9,239,0,0,0,55,15,6,18,3,3,6,1,24,3,0,12,2,13,2,1,0,1,0,389,2,4,0,458,48,3,0,2,0,0,1,29,0,0,64,4,10,4,0,0,0,0,0,153,0,0,12,238,0,1,0,1,3,26,3,31,0,0,0,2,5,0,6,4,0,205,0,171,0,1,0,2,1201,2,2,2,1,4,0,1,2,156,2,1,0,0,2,0,1,25,1,0,2,28,0,5,0,9,4,0,0,1,1,0,0,5,0,0,0,0,5,0,5,0,6057,0,0,70225,0,0,0,336,0,17156,1,3,0,0,0,607,0,1,1,0,2,5,22,0,11,2,15,0,0,5,0,0,0,0,0,0,0,2,2,0,0,0,0,0,3,0,0,0,13,49,0,0,0,1,15,12,2,0,0,0,11,0,0,0,1,0,2,0,17,0,0,1,0,2,4,3,0,2,0,0,0,0,0,0,0,1,0,0,0,0,0,1,1,0,2,1,1,0,0,0,0,0,0,3,2,0,0,1,0,0,1,26,36,0,1,1,0,1,0,4,0,0,0,0,0,0,1,1,0,10,0,1,7,3,3,3,8,18,0,12,205,0,1,2,6,0,1,2,0,0,0,0,242,18,3,11,0,0,0,0,4,0,1,0,2,28,1,5,5,387,9,311,0,4,0,0,0,0,0,0,0,0,1,0,1,0,6,0,6,0,40,0,3,4,1,4,1,0,1,0,0,0,0,0,0,0,0,0,0,0,0,0,0,0,0,0,0,2,0,3,0,0,5,0,0,0,0,0,0,0,0,0,1,86,102,0,0,2,0,0,5,0,2,0,1,0,5,3,0,1,1,1,8,0,0,0,0,0,0,0,0,0,3,0,0,0,4,0,3,1,0,2,0,0,0,7,0,0,2,1,0,13,9,0,0,3,19,2,2,2,2,2,4,1,0,2,1,0,4,0,0,2,1,0,0,0,2,1,0,0,2,0,0,7,0,0,2,10,0,0,3753,0,1,0,1,0,0,0,4,0,0,1,133,0,0,2,0,1,1,0,12,6,0,6,0,0,0,21,0,2,0,0,0,3,0,0,0,2,20,20,0,0,0,0,2,0,3,0,1,0,3,0,0,1,0,0,0,94,0,45,4,0,4,0,0,0,0,0,0,0,1,0,6,0,1,3,0,0,0,138,0,0,0,0,2,2,6,503,164,4,256,0,0,2,10,4,0,2,0,0,0,0,1,0,2,88,66,0,0,0,0,0,1,0,5,0,0,3,1,8,0,0,0,640,1,0,6,0,0,21,1,7,0,0,0,0,10,0,0,1,13,0,0,0,0,0,0,0,0,0,0,0,0,16,7,0,0,0,0,0,3,0,502,0,7,1,0,3,1,1,0,160,0,3,0,0,98,0,28,0,1,0,8,3,5,0,27,1,0,0,0,0,6,22,0,0,0,0,0,1,0,6,6,2,8,15,0,3,0,0,9,2,0,27,3,1,3,41,0,1,1,2,0,1,2,0,0,1,0,1,0,1,0,0,0,0,6,0,2,5,0,0,4,12,1,3,0,0,12,2,8,0,0,0,74,30,0,707,4,8513,0,1,1,0,0,7,0,0,0,1,4,5,0,1,0,1,0,0,0,0,0,0,0,0,0,0,0,0,0,3,1,1,0,0,1,0,0,2,0,0,4,45,0,0,2,0,3016,0,16540,6,10,3,1,0,0,1,1389,1,0,1,0,1,4,0,0,3,0,1,0,0,1,0,0,0,0,0,1,0,1,0,0,0,0,0,0,2,0,0,0,1,1,9,0,0,1,1,0,5,0,1,1,0,3,15,10,0,4,1,0,0,0,0,0,0,0,0,0,1,0,19,1,0,0,11,1,35,0,0,0,0,1,0,0,0,0,0,0,6014,0,0,0
C40,73333,0,0,0,1,0,0,4,0,0,0,0,0,0,0,0,2,12,0,1,0,0,2,6,0,0,0,0,0,0,0,0,15,3570,15,0,24,0,17,2,1,0,0,11,7,3,466,0,0,0,35,6,8,7,0,0,1,4,32,2,0,2,1,25,3,1,0,1,5,458,7,73,3,734,27,0,0,0,0,0,0,39,0,0,81,3,16,4,1,0,0,0,0,179,0,0,0,174,0,2,2,3,3,1,1,62,0,0,1,5,10,0,5,4,0,364,0,213,0,0,2,2,1742,1,2,1,5,3,0,0,0,55,5,2,0,0,2,0,2,39,3,0,4,46,0,6,0,5,4,0,1,2,0,0,0,3,2,1,0,0,7,0,1,0,8413,0,1,66819,0,0,2,398,0,11422,0,1,0,0,0,1137,0,1,2,1,1,3,19,0,7,1,19,0,0,2,0,0,0,0,0,0,0,0,1,0,0,1,0,0,3,0,0,0,14,0,0,3,0,0,28,20,2,0,0,0,9,0,0,0,2,0,3,3,29,0,0,2,0,0,3,1,0,2,0,0,0,0,0,0,0,5,0,1,0,0,0,1,1,0,0,0,0,0,0,2,0,0,1,3,2,0,0,0,0,0,1,41,46,0,0,1,0,0,0,1,0,0,0,0,0,0,1,1,0,11,0,1,11,6,4,4,8,61,0,5,270,0,0,0,13,0,1,2,0,0,0,0,204,12,4,8,0,0,0,1,0,0,1,0,1,24,1,16,4,305,7,407,0,6,0,0,0,0,0,0,0,0,1,0,2,1,7,0,6,0,16,0,2,0,2,2,0,0,1,0,2,0,0,1,0,0,0,0,0,0,0,0,0,0,0,3,0,2,0,2,0,0,10,0,0,0,1,0,0,0,0,0,1,147,120,0,0,2,0,0,2,0,1,2,0,0,11,2,0,2,0,1,6,0,0,0,0,0,0,0,0,0,3,0,3,0,1,0,7,1,0,2,0,0,0,3,0,0,1,0,0,4,7,2,0,2,12,0,2,1,2,3,2,1,0,7,1,0,5,0,2,6,8,3,0,0,2,0,0,0,1,0,0,0,0,0,1,4,0,0,10434,0,0,1,1,0,0,0,13,0,0,1,151,0,0,3,0,0,1,0,23,4,0,5,0,0,0,20,0,1,0,0,0,5,0,0,0,7,42,64,0,0,0,0,3,1,7,0,2,0,2,0,0,3,0,0,0,142,0,95,4,0,7,0,0,0,0,0,0,0,1,2,4,0,0,6,0,0,0,157,0,0,0,1,1,3,0,661,179,3,275,0,0,2,14,5,0,1,0,0,0,0,2,0,1,112,80,0,0,0,0,0,2,0,4,0,0,1,2,13,0,0,0,1155,1,0,2,0,0,17,4,12,0,0,0,0,15,0,0,1,22,0,0,0,0,0,0,0,1,0,0,0,0,26,10,0,0,0,0,0,3,0,673,0,8,2,0,6,2,2,0,287,0,3,0,0,157,0,44,0,3,0,22,4,11,0,44,0,0,0,0,2,8,42,0,0,0,0,1,1,0,12,12,2,21,13,0,5,1,2,18,4,2,35,5,4,3,66,0,1,1,3,0,2,3,0,1,1,0,1,2,3,1,0,0,0,14,0,8,5,0,0,3,7,0,3,0,0,16,2,6,0,2,0,79,32,0,1263,3,5072,0,3,0,0,0,15,0,0,0,1,4,8,0,1,0,0,0,1,0,0,0,0,1,0,0,0,0,0,0,5,2,0,0,0,2,3,0,3,0,1,6,86,1,0,2,0,4275,0,26733,11,17,0,2,0,0,0,1961,1,0,1,0,1,0,0,0,6,0,3,0,1,1,2,0,0,0,0,2,0,2,0,0,0,0,0,0,2,0,0,0,1,1,14,0,0,1,2,0,8,0,0,2,0,3,27,12,0,11,0,0,0,0,0,0,0,0,0,0,1,3,29,1,1,0,0,2,93,0,0,0,0,1,0,0,0,0,0,0,7460,0,0,0
C43,88807,1,0,1,2,0,0,4,0,3,0,0,0,0,2,1,1,10,0,2,0,4,10,5,1,0,0,0,0,1,0,0,35,2457,36,1,13,0,76,3,0,2,1,24,6,6,721,0,0,0,72,28,9,18,3,2,8,5,44,4,3,7,1,22,2,1,2,3,2,666,1,26,0,701,44,2,0,0,0,0,0,47,0,1,47,3,12,7,2,1,0,0,0,214,0,0,7,259,0,2,1,0,6,41,2,54,0,0,1,4,9,0,3,5,0,268,0,186,0,0,2,2,1956,2,6,2,3,2,0,0,2,73,4,1,0,0,3,0,2,23,1,0,1,52,0,8,0,8,3,0,1,3,2,0,0,2,0,0,0,0,4,0,3,0,7202,0,0,53922,0,0,1,265,0,18875,0,3,0,0,0,670,0,0,1,0,1,2,9,0,7,1,15,0,0,3,1,2,0,0,0,0,0,1,2,0,0,0,0,0,2,0,0,1,16,45,0,0,0,0,21,18,3,0,0,0,4,0,0,0,0,0,2,1,21,0,0,1,0,1,4,1,1,1,0,0,0,0,0,0,0,4,0,0,0,0,0,1,1,0,1,1,0,0,0,2,0,0,1,3,2,0,0,0,0,0,0,32,25,0,2,1,0,0,0,1,0,0,0,0,0,0,1,3,0,5,0,1,7,3,2,4,3,31,0,7,190,0,2,1,7,0,0,1,0,0,0,0,214,5,4,8,0,0,0,0,1,1,2,0,0,21,2,14,5,376,11,201,0,6,0,0,0,0,0,1,0,0,1,0,2,0,11,1,4,0,15,0,1,3,1,2,1,0,1,0,1,0,0,0,0,0,0,0,0,0,0,0,0,0,0,1,0,3,0,0,0,0,6,0,0,0,1,0,0,0,0,0,1,107,83,0,0,4,0,0,2,0,0,2,0,1,5,2,0,1,0,1,8,0,0,0,0,0,0,0,0,0,2,0,1,1,2,0,7,0,0,3,0,0,0,4,0,0,2,0,0,9,4,0,0,2,9,1,2,1,1,3,1,1,0,6,1,0,3,0,0,4,6,1,0,0,1,1,0,0,3,0,0,11,0,0,2,5,0,0,4991,0,0,0,1,0,0,0,7,0,0,1,90,0,0,3,0,0,2,0,16,6,0,5,0,0,0,15,0,0,0,0,0,4,0,0,0,4,36,18,0,0,0,0,2,0,4,0,1,0,3,0,0,2,0,0,0,156,0,80,5,0,5,0,0,0,0,0,0,0,2,1,2,0,1,4,0,0,0,111,0,0,0,1,0,1,6,455,204,4,269,0,0,1,7,4,0,1,0,0,0,0,2,0,1,55,63,0,0,0,0,0,0,0,3,0,0,2,1,6,0,0,0,478,0,0,2,0,0,18,3,6,0,0,0,0,6,0,0,0,12,0,0,0,0,0,0,0,0,0,0,0,1,18,6,0,0,0,0,0,2,0,550,0,6,1,0,3,0,3,0,192,0,3,0,0,123,0,25,0,1,0,11,3,6,0,29,0,0,0,0,1,7,15,0,0,0,0,1,1,0,6,6,2,11,15,0,4,1,1,10,4,1,30,4,3,2,44,0,0,0,3,0,2,1,0,1,1,0,0,0,1,0,0,0,0,6,0,3,7,0,0,4,3,0,3,0,2,9,1,4,0,0,0,53,15,0,708,4,4873,0,2,0,0,0,8,0,0,0,0,2,3,0,1,0,0,0,1,0,1,0,0,1,0,0,0,0,0,0,4,1,0,0,0,1,1,0,3,1,1,4,46,1,0,1,0,3404,0,17707,4,11,1,1,0,0,0,1553,1,0,1,0,1,2,0,0,5,0,1,0,0,1,1,0,0,0,0,0,0,1,0,0,0,0,0,0,0,0,0,0,1,2,6,0,0,1,1,0,6,0,1,2,0,2,16,12,0,7,0,0,0,0,1,0,0,0,1,0,1,1,18,0,0,0,13,1,24,0,0,0,1,1,0,0,0,0,0,0,3987,0,0,0
C44,80794,0,0,0,0,0,0,3,0,5,0,0,0,0,0,0,0,0,0,2,0,1,0,1,0,0,0,0,0,1,0,0,14,1501,17,0,5,0,16,0,0,1,0,22,5,0,267,0,0,0,24,4,6,4,0,3,8,2,35,2,2,0,3,36,2,0,2,1,2,448,5,52,0,576,30,6,0,0,0,0,2,51,0,0,66,3,7,4,5,0,0,0,0,154,0,1,4,162,0,2,2,2,4,41,1,78,0,0,4,0,9,0,5,3,0,316,0,162,1,0,0,0,1533,0,1,0,3,3,0,0,0,45,4,2,0,0,1,0,4,28,2,0,7,31,0,6,0,5,3,0,0,4,2,0,0,4,0,0,0,0,2,0,3,0,5579,0,0,62937,0,0,0,317,0,17616,0,0,0,1,0,830,0,0,1,1,3,3,11,0,12,0,19,0,0,2,0,0,1,0,0,0,0,1,1,0,1,0,0,0,3,0,0,0,10,72,0,2,0,0,19,17,2,0,0,0,6,0,0,0,0,0,2,1,14,0,0,1,0,0,3,0,0,1,0,0,0,0,0,0,0,3,0,0,0,0,0,1,1,0,1,0,0,0,0,1,0,0,1,2,0,0,3,0,0,0,0,26,27,0,2,1,0,0,0,1,0,0,0,1,0,0,0,1,0,5,0,2,6,3,5,5,10,48,0,10,214,0,2,2,5,0,0,1,0,0,0,0,186,5,7,3,0,0,0,1,1,0,1,0,0,24,1,9,6,411,7,299,0,4,0,0,0,0,0,1,0,0,0,0,2,0,10,0,6,0,44,0,2,2,1,1,0,0,1,0,1,0,0,1,0,0,0,0,0,0,0,0,0,0,0,1,0,2,0,2,0,0,5,0,0,0,0,0,0,0,0,0,1,90,102,0,0,1,0,0,1,0,1,1,0,0,6,2,0,1,0,2,5,0,0,0,0,0,0,0,0,0,2,0,1,0,1,0,8,0,0,2,0,0,0,4,0,0,1,0,0,4,4,0,0,2,13,1,2,0,2,3,1,1,0,3,2,0,4,0,1,2,5,1,0,0,0,2,0,0,2,0,0,1,0,0,2,5,0,0,6142,0,0,0,1,0,0,0,15,0,0,2,105,0,0,2,0,2,0,0,11,6,0,2,1,0,0,15,0,1,0,0,0,4,0,0,0,2,26,26,0,0,1,0,2,0,1,0,0,0,3,0,0,1,0,0,0,107,0,59,4,0,4,0,0,0,0,0,0,0,2,1,6,0,0,3,0,0,0,124,0,0,0,1,0,2,7,429,155,3,212,0,0,2,9,5,0,0,0,0,0,0,2,0,1,84,66,0,0,0,0,0,1,0,4,0,0,1,1,13,0,0,0,959,0,0,2,1,0,21,4,15,0,0,0,0,10,0,0,1,14,0,0,0,0,0,0,0,0,0,0,0,1,18,6,0,0,0,0,0,3,0,664,0,7,1,0,3,1,2,0,215,0,2,0,0,119,0,32,0,1,0,10,2,4,0,31,0,0,0,0,2,5,19,0,0,0,0,1,3,0,6,10,1,13,18,0,5,1,0,9,5,1,36,3,4,1,43,0,2,3,1,0,3,2,0,2,1,0,0,2,1,1,0,0,0,11,0,5,5,0,0,2,6,0,1,0,0,9,2,6,0,0,0,94,20,0,955,3,9491,0,2,0,0,0,11,0,0,0,0,2,11,0,1,0,0,0,0,0,0,0,0,1,0,0,0,0,0,0,3,1,0,0,0,1,2,0,2,1,1,4,57,1,1,1,0,3035,0,18678,4,13,2,1,0,0,0,1485,1,0,0,0,1,7,0,0,3,0,1,0,1,3,0,0,0,0,0,0,0,1,0,0,0,0,0,0,2,0,0,0,1,1,9,0,0,1,1,0,8,0,0,1,0,2,18,9,0,6,1,0,1,0,0,0,0,0,1,0,1,1,19,1,0,0,18,0,62,0,0,0,0,2,0,0,0,0,0,0,6900,0,0,0
C49,82671,0,0,0,0,0,0,4,0,3,0,4,0,0,1,1,0,9,0,2,0,1,7,6,0,1,0,0,1,3,0,0,28,2374,38,0,22,0,41,2,1,2,0,25,7,8,622,0,0,0,48,14,8,6,2,1,7,3,50,4,3,9,3,20,1,2,1,0,4,642,4,31,2,676,53,0,0,0,0,0,0,61,0,0,48,4,13,6,3,0,0,1,0,197,0,0,8,251,0,1,2,1,8,36,2,24,0,0,2,6,10,0,5,5,0,312,0,196,0,0,3,2,1786,2,2,1,1,0,0,2,5,95,1,2,0,0,2,0,3,33,1,0,2,52,0,5,0,5,6,0,1,3,0,0,0,1,0,0,0,0,4,0,2,0,7393,0,0,46898,0,0,1,281,0,20537,0,5,0,2,0,680,0,0,0,1,1,3,8,0,8,2,15,0,0,5,0,0,1,0,0,0,0,2,3,0,0,0,0,1,2,0,1,0,16,54,0,1,0,1,17,17,3,0,0,0,6,1,1,0,0,1,3,1,23,0,0,2,0,1,3,1,1,1,0,0,0,0,0,0,0,4,0,0,0,0,0,1,1,0,0,0,0,0,0,1,0,0,1,2,2,0,2,0,0,0,0,33,28,0,2,1,0,0,0,1,0,0,20,0,0,1,0,1,1,6,0,2,6,8,4,3,3,18,0,8,190,0,1,2,8,0,0,1,0,0,0,0,257,8,6,7,0,0,0,0,2,0,1,0,0,16,1,13,4,401,9,200,0,3,1,0,0,0,0,1,0,0,1,0,1,1,6,1,6,0,23,0,3,4,1,2,1,0,1,0,1,0,0,1,0,0,0,0,0,0,0,0,0,0,0,2,0,2,0,2,0,0,8,0,0,0,1,0,0,0,0,0,1,99,79,0,0,4,0,0,1,0,0,1,0,1,6,2,0,0,0,1,7,0,0,0,0,1,0,1,0,0,2,0,2,1,3,1,7,1,0,1,0,0,0,6,0,0,2,1,0,5,6,0,0,2,14,1,3,0,2,4,1,2,0,4,1,0,4,0,1,5,3,3,0,0,1,1,0,0,1,0,0,6,0,0,2,3,0,0,5282,0,0,0,1,0,0,0,6,0,0,2,107,0,0,2,0,0,0,0,20,3,0,6,1,0,0,19,0,0,0,0,0,5,0,0,0,4,46,12,0,0,1,0,3,0,4,0,2,0,4,0,0,2,0,0,0,149,0,82,8,0,4,0,0,0,0,0,0,0,1,1,2,0,0,2,0,0,0,114,0,0,0,1,0,1,6,547,210,2,304,0,0,3,6,4,0,3,0,0,0,0,1,0,0,37,82,0,0,0,0,0,1,0,2,0,0,2,1,6,0,0,0,497,0,0,2,0,0,18,3,6,0,0,0,0,7,0,0,0,12,0,0,0,0,0,0,0,0,0,0,0,0,15,7,0,0,0,0,0,3,0,560,0,4,2,0,3,1,2,0,187,0,3,0,0,125,0,29,0,1,0,12,3,5,0,31,0,0,0,0,2,4,19,0,0,0,0,1,2,0,6,8,1,9,16,0,4,0,1,10,4,1,35,3,3,3,51,0,0,1,2,0,2,1,0,0,1,0,0,0,0,1,0,0,0,6,0,2,7,0,0,1,3,0,3,0,0,6,1,4,0,0,0,53,16,0,747,2,5113,0,3,1,0,0,8,0,0,0,1,3,4,0,1,0,0,0,1,0,0,0,0,1,0,0,0,0,0,0,5,2,1,0,0,1,0,0,2,2,1,5,54,0,0,1,0,3405,0,18124,5,11,1,1,0,0,1,1582,1,0,0,0,1,3,0,0,4,0,1,0,0,1,1,0,0,0,1,1,0,0,0,0,0,0,0,0,1,0,0,0,1,1,8,0,0,1,1,0,6,0,0,1,0,2,17,9,0,7,0,0,0,0,0,0,0,0,1,0,5,2,32,0,0,0,9,1,31,0,0,0,2,1,0,0,0,0,0,0,4707,0,0,0
CC3,83642,1,0,0,3,2,0,0,0,3,2,0,1,1,1,1,0,9,0,0,0,3,6,7,1,0,0,0,0,3,0,2,24,3038,41,0,16,0,75,2,0,0,0,29,6,13,515,0,0,0,84,29,17,12,1,3,4,2,38,1,3,7,3,17,2,0,1,1,5,636,5,19,0,921,50,5,0,0,0,0,1,56,0,1,77,2,12,7,2,3,1,0,1,238,0,0,5,293,0,2,2,1,6,39,3,48,0,0,2,2,9,0,6,5,0,299,0,202,0,0,0,1,2084,2,4,2,4,2,0,1,3,117,1,2,0,0,2,0,1,29,1,0,3,44,0,4,0,8,3,0,0,2,0,0,0,3,0,0,0,0,4,0,3,0,6061,0,0,50862,0,0,0,277,0,18164,1,4,0,1,0,684,0,0,1,1,1,3,13,0,16,1,19,0,0,4,0,0,1,0,0,0,0,1,2,0,0,0,0,1,1,0,0,0,19,49,0,1,0,0,17,16,4,0,0,0,8,0,0,0,1,0,2,2,19,0,0,2,0,1,2,1,2,2,0,0,0,0,0,0,0,5,0,1,0,0,0,1,1,0,1,0,0,0,0,1,0,0,1,5,2,0,1,0,0,0,0,29,31,0,3,2,0,1,0,1,0,0,0,0,0,0,1,2,0,7,0,3,8,2,3,3,3,27,1,6,270,0,1,2,6,0,1,1,0,0,0,0,285,13,8,8,0,0,0,0,3,0,0,0,1,21,3,8,5,355,13,325,0,4,1,0,0,0,0,0,0,0,2,0,1,0,8,1,4,0,30,0,3,6,1,1,1,0,0,0,1,0,0,0,0,0,0,0,0,0,0,0,0,0,0,3,0,4,0,0,0,0,4,0,0,0,1,0,0,0,0,0,0,76,111,0,0,2,1,0,2,0,1,1,0,0,9,2,0,1,0,1,6,0,0,0,0,0,0,0,0,0,2,0,1,0,5,0,5,2,0,2,0,0,0,8,0,0,1,1,0,6,7,0,0,3,16,0,1,0,1,2,2,1,0,4,2,0,3,0,1,3,4,0,0,0,1,0,0,0,1,0,0,4,0,0,1,5,0,0,5736,0,0,0,1,0,0,0,5,0,0,1,86,0,0,1,0,2,1,0,13,3,0,2,0,0,0,11,0,1,0,0,0,3,0,0,0,3,23,9,0,0,1,1,1,0,4,0,2,0,4,0,0,1,0,0,0,90,0,56,5,0,4,0,0,0,0,0,0,0,1,1,3,0,1,3,0,0,0,89,0,0,0,1,0,1,4,408,194,2,246,0,0,2,7,3,0,1,0,0,0,0,1,0,2,53,58,0,0,0,0,0,1,0,3,0,0,1,0,6,0,0,0,531,0,0,2,0,0,17,2,14,0,0,0,0,6,0,0,0,10,0,0,0,0,0,0,0,0,0,0,0,1,13,7,0,0,0,0,0,3,0,487,0,5,2,0,2,1,2,0,155,0,2,0,0,112,0,23,0,1,0,11,3,4,0,27,0,0,0,0,2,3,15,0,0,0,0,1,1,0,8,7,1,9,16,0,3,0,0,9,2,0,32,4,3,3,43,0,1,2,3,0,1,1,0,1,0,0,0,2,2,0,0,0,0,6,0,3,7,0,0,3,5,0,5,0,1,7,1,5,0,0,0,61,21,0,652,3,6438,0,1,1,0,0,8,0,0,0,1,1,5,0,1,0,1,0,0,0,0,0,0,1,0,0,0,0,0,0,4,1,0,0,0,0,0,0,1,2,0,4,43,0,0,1,0,2969,0,15875,5,9,0,1,0,0,0,1361,1,0,1,0,1,5,0,0,3,0,1,0,0,2,2,0,0,0,0,0,0,1,0,0,0,0,0,0,1,0,0,0,1,1,7,0,0,1,1,0,5,0,0,1,0,3,12,8,0,5,0,0,0,0,0,0,0,0,1,0,0,1,28,1,0,0,9,0,33,0,0,0,0,2,0,0,0,0,0,0,4929,0,0,0
CC4,84482,0,0,0,1,2,0,0,0,7,5,5,0,1,2,0,1,2,0,1,0,3,7,4,0,0,1,2,3,1,0,0,26,2555,41,1,18,0,80,2,0,1,0,34,8,9,589,0,0,0,109,38,4,19,2,2,3,4,43,2,5,8,1,13,4,0,1,1,6,542,5,19,4,836,47,4,0,0,0,0,1,53,0,1,58,2,10,6,3,0,1,0,0,204,0,0,10,306,0,2,1,0,5,38,3,25,0,0,1,4,8,0,2,6,0,312,0,159,0,0,2,1,1783,0,5,1,3,3,0,1,4,134,2,1,0,0,1,0,1,20,3,0,4,47,0,4,0,9,3,0,1,3,1,0,0,2,0,0,0,0,4,0,2,1,7461,0,0,48927,0,0,2,324,0,18282,1,4,0,1,0,565,0,0,3,1,2,2,11,0,16,3,11,0,0,5,0,0,0,0,0,0,0,2,1,0,0,0,0,0,2,0,0,0,19,35,0,1,0,1,14,12,2,0,0,0,6,0,0,0,0,0,4,1,23,0,0,1,0,1,3,1,2,1,0,0,0,0,1,0,0,4,0,0,0,0,0,1,2,0,1,0,0,0,0,1,0,0,0,1,1,0,0,0,0,0,0,35,33,0,1,1,0,0,0,1,0,0,4,0,0,0,1,2,1,6,0,3,6,3,5,3,2,30,0,4,190,0,1,1,10,0,1,2,0,0,0,0,318,13,3,6,0,0,0,0,2,1,1,0,0,17,0,18,6,351,7,321,0,3,0,0,0,0,0,1,0,0,1,0,0,2,8,1,4,0,33,0,2,7,1,2,1,0,1,0,1,0,0,0,0,0,0,0,0,0,0,0,0,0,0,2,0,2,0,1,0,0,7,0,0,0,2,0,0,0,0,0,1,93,96,0,0,2,0,0,2,0,1,1,0,0,6,1,0,1,0,1,7,0,0,0,0,0,0,0,0,0,3,0,2,0,1,0,4,2,0,3,0,0,0,6,0,0,1,0,1,7,14,2,0,2,16,2,2,0,1,2,2,1,0,4,1,0,6,0,1,2,3,0,0,0,1,1,0,0,3,0,0,4,0,0,2,4,0,0,4684,0,0,0,2,0,0,0,7,0,0,2,92,0,0,2,0,2,1,0,19,2,0,6,1,0,0,10,0,1,0,0,0,5,0,0,0,2,25,12,0,0,0,0,3,0,5,0,1,0,3,0,0,2,0,0,0,113,0,67,3,0,3,0,0,0,0,0,0,0,1,2,3,0,1,5,0,0,0,132,0,0,0,1,0,2,4,566,241,3,315,0,0,2,11,4,0,0,0,0,0,0,0,0,0,52,79,0,0,0,0,0,1,0,3,0,0,1,1,5,0,0,0,481,1,0,2,0,0,16,2,7,0,0,0,0,7,0,0,0,13,0,0,0,0,0,0,0,0,0,0,0,1,11,6,0,0,0,0,0,2,0,486,0,6,2,0,4,1,2,0,151,0,2,0,0,102,0,22,0,0,0,11,4,4,0,24,0,0,0,0,1,4,17,0,0,0,0,0,1,0,6,6,1,8,14,0,2,0,0,10,2,0,28,3,2,1,40,0,1,2,3,0,3,1,0,0,1,0,1,1,1,0,0,0,0,6,0,3,7,0,0,2,7,0,3,0,1,6,1,4,0,0,0,54,15,0,602,2,6359,0,2,0,0,0,8,0,0,0,1,1,4,0,1,0,1,0,1,0,0,0,0,1,0,0,0,0,0,0,3,2,1,0,0,1,1,0,3,1,0,4,45,0,0,1,0,3037,0,15954,4,7,0,1,0,0,1,1478,1,0,0,0,1,5,0,0,4,0,1,0,0,2,1,0,0,0,1,0,0,1,0,0,0,0,0,0,0,0,0,0,0,1,8,0,0,1,1,0,4,0,1,1,0,1,15,9,0,5,1,0,0,0,0,0,0,0,0,0,0,2,34,1,0,0,10,1,24,0,0,0,0,1,0,1,0,0,0,1,5292,0,0,0
CC6,91920,0,1,0,0,2,0,2,0,3,0,0,0,1,2,1,1,5,0,2,0,3,6,12,0,0,0,0,3,3,0,0,36,2634,29,1,22,0,80,2,0,1,0,36,9,10,647,0,0,0,111,30,11,15,3,2,3,2,50,3,5,3,1,24,1,2,1,2,3,615,5,33,0,673,46,5,0,0,0,0,1,56,0,0,74,4,8,6,3,0,0,0,0,243,0,0,4,240,0,3,1,1,7,33,2,33,0,0,1,8,15,0,3,4,0,253,0,196,0,0,1,0,1960,1,2,1,3,5,0,1,2,104,0,1,0,0,1,0,3,28,2,0,2,44,0,3,0,3,3,0,0,4,0,0,0,3,0,0,0,0,4,0,2,1,8511,0,0,46239,0,0,3,261,0,19133,0,4,1,0,0,667,0,0,2,1,1,2,13,0,10,0,11,0,0,2,0,0,1,0,0,0,0,2,1,0,0,0,0,1,2,0,0,0,15,37,0,1,0,0,18,16,5,0,0,0,9,0,0,0,0,0,4,1,22,0,0,1,0,1,3,1,0,1,0,0,0,0,0,0,0,3,0,0,0,0,0,1,1,0,1,0,0,0,0,1,0,0,0,4,0,0,0,0,0,0,0,37,34,0,3,0,0,0,0,3,0,0,0,0,0,0,1,1,0,6,0,1,8,2,2,5,2,31,0,6,238,0,1,2,6,0,0,1,0,0,0,0,300,9,6,7,0,0,0,1,2,0,1,0,1,18,4,15,2,363,6,233,0,3,1,0,0,0,0,1,0,0,1,0,1,2,5,0,5,0,26,0,2,7,0,3,1,0,1,0,1,0,0,0,0,0,0,0,0,0,0,0,0,0,0,0,0,4,0,2,0,0,7,0,0,0,2,0,0,0,0,0,1,125,89,0,0,1,1,0,3,0,1,2,0,1,6,1,0,1,0,0,4,0,0,0,0,0,0,0,0,0,2,0,3,0,2,0,7,2,0,3,0,0,0,4,0,0,1,0,0,8,8,0,0,7,15,2,1,2,1,3,1,1,0,7,1,0,4,0,1,3,5,1,0,0,2,0,0,0,2,0,0,5,0,0,1,3,0,0,5571,0,0,0,0,0,0,0,9,0,0,0,95,0,0,3,0,1,1,0,18,4,0,7,2,0,0,13,0,0,0,0,0,4,0,0,0,2,37,14,0,0,1,0,1,0,4,0,0,0,2,0,0,4,0,0,0,143,0,86,6,0,5,0,0,0,0,0,0,0,2,1,2,0,1,6,0,0,0,120,0,0,0,0,0,1,5,554,273,3,348,0,0,2,7,5,0,3,0,0,0,0,1,0,3,42,90,0,0,0,0,0,1,0,3,0,0,1,1,5,0,0,0,465,0,0,2,0,0,18,3,8,0,0,0,0,4,0,0,0,14,0,0,0,0,0,0,0,0,0,0,0,1,17,8,0,0,0,0,0,3,0,561,0,5,2,0,3,1,2,0,200,0,3,0,0,133,0,28,0,2,0,11,4,6,0,21,0,0,0,0,3,7,20,0,0,0,0,1,2,0,9,9,1,9,17,0,3,1,1,12,2,1,35,4,3,2,48,0,0,1,3,0,1,2,0,1,2,0,1,1,0,0,0,0,0,6,0,2,4,0,0,2,2,0,1,0,0,4,0,2,0,0,0,50,12,0,671,4,5101,0,2,0,0,0,8,0,0,0,0,2,7,0,1,0,0,0,1,0,0,0,0,1,0,0,0,0,0,0,6,1,1,1,0,1,0,0,2,1,0,4,51,1,0,1,0,3579,0,19316,3,10,1,1,0,0,1,1693,1,0,0,0,2,5,0,0,3,0,1,0,0,1,2,0,0,0,0,1,0,1,0,0,0,0,0,0,0,0,0,0,1,1,6,0,0,1,1,0,6,0,0,1,0,3,14,10,0,8,1,0,0,0,0,0,0,0,0,0,2,2,39,0,0,0,15,1,30,0,0,0,1,1,0,0,0,0,0,0,5029,0,0,1
CC7,86440,0,0,0,2,0,0,5,0,3,4,0,0,0,0,2,2,4,0,0,0,1,10,8,2,0,0,0,3,1,0,0,45,2674,25,0,13,0,65,3,0,3,0,23,8,10,720,0,0,0,50,31,9,17,4,2,6,3,46,2,3,7,2,30,3,0,0,3,5,610,4,23,0,826,48,2,0,0,0,0,1,59,0,0,71,2,16,5,2,0,0,0,0,228,0,0,6,234,0,2,1,1,5,48,3,24,0,0,3,3,8,0,3,5,0,269,0,180,1,0,4,0,1873,3,4,1,1,3,0,1,3,107,1,1,0,0,2,0,1,24,3,0,3,60,0,5,0,6,3,0,0,4,1,0,0,2,1,0,0,0,3,0,3,0,9204,0,0,56162,0,0,1,300,0,20309,0,4,0,1,0,684,0,1,2,1,3,2,11,0,14,1,15,0,0,3,0,0,0,0,0,0,0,2,1,0,0,0,0,1,1,0,0,0,13,47,0,0,0,0,19,16,7,0,0,0,7,0,0,0,2,0,4,1,23,0,0,1,0,0,3,1,0,1,0,0,0,0,0,0,0,5,1,1,0,0,0,1,2,0,1,0,0,0,0,0,0,0,1,2,2,0,2,0,0,0,1,39,31,0,1,2,0,0,0,1,0,0,0,0,0,0,2,2,1,8,0,1,8,3,6,3,4,32,0,7,236,0,1,1,7,0,0,2,0,0,0,0,217,9,6,4,0,0,0,0,4,1,1,0,0,12,1,12,4,355,6,281,0,4,1,0,0,0,0,1,0,0,0,0,1,0,9,0,5,0,30,0,2,3,1,2,1,0,0,0,1,0,0,1,0,0,0,0,0,0,0,0,0,0,0,2,0,3,0,2,0,0,7,0,0,0,1,0,0,0,0,0,1,137,120,0,0,2,0,0,3,0,1,2,0,1,5,2,0,1,0,0,9,0,0,0,0,0,0,0,0,0,2,0,1,1,3,0,4,1,0,2,0,0,0,2,0,0,2,0,0,5,8,1,0,4,13,0,2,2,1,3,2,1,0,7,1,0,3,0,2,4,4,1,0,0,1,1,0,0,2,0,0,4,0,0,1,7,0,0,5905,0,0,0,1,0,0,0,5,0,0,1,95,0,0,3,0,0,3,0,27,5,0,5,1,0,0,14,0,0,0,0,0,5,0,0,0,3,31,13,0,0,2,0,2,0,4,0,2,0,4,0,0,1,0,0,0,147,0,94,7,0,6,0,0,0,0,0,0,0,3,2,5,0,1,4,0,0,0,126,0,0,0,1,0,1,5,556,264,3,325,0,0,0,8,5,0,0,0,0,0,0,1,0,2,66,89,0,0,0,0,0,1,0,3,0,0,1,1,4,0,0,0,498,0,0,1,0,0,16,2,7,0,0,0,0,5,0,0,0,13,0,0,0,0,0,0,0,0,0,0,0,1,21,7,0,0,0,0,0,3,0,606,0,8,2,0,3,1,3,0,204,0,3,0,0,141,0,26,0,1,0,16,3,5,0,22,0,0,0,0,2,7,19,0,0,0,0,0,2,0,8,7,1,10,16,0,5,1,2,13,3,0,33,3,3,3,49,0,1,2,2,0,4,2,0,1,2,0,1,1,1,0,0,0,0,6,0,2,5,0,0,4,3,0,2,0,0,4,1,3,0,0,0,58,13,0,653,3,5533,0,2,0,0,0,7,0,0,0,0,2,3,0,1,0,0,0,0,0,0,0,0,1,0,0,0,0,0,0,6,1,1,0,0,1,0,0,3,1,1,5,55,1,0,1,0,4037,0,21187,5,12,1,2,0,0,1,1803,1,0,1,0,1,5,0,0,5,0,1,0,0,4,2,0,0,0,1,0,0,1,0,0,0,0,0,0,0,0,0,0,2,1,7,0,0,1,2,0,6,0,0,2,0,2,21,10,0,8,3,0,0,0,0,0,0,0,1,0,0,3,26,1,1,0,19,0,24,0,0,0,0,1,0,0,0,0,0,0,5176,0,0,0
CC8,83008,0,0,0,0,0,0,4,0,3,0,0,0,0,2,3,0,5,0,0,0,2,8,5,0,0,0,0,3,1,0,0,21,2192,35,0,9,0,46,2,0,0,0,28,7,4,504,0,0,0,94,15,15,16,3,3,6,1,40,2,2,7,3,23,4,0,0,3,8,558,4,13,0,726,44,2,0,0,0,2,0,68,0,0,55,1,10,5,2,0,0,0,0,241,0,0,8,299,0,3,2,1,6,41,2,55,0,0,3,4,8,0,4,6,0,265,0,182,0,2,1,3,1845,1,3,1,2,3,0,1,2,118,3,1,0,0,2,0,2,20,3,0,2,52,0,3,0,5,3,1,0,3,1,0,0,2,0,0,0,0,2,0,2,0,5444,0,0,45148,0,0,2,288,0,16903,0,5,0,1,0,654,0,0,1,1,4,2,12,0,16,2,18,0,0,4,0,0,1,0,0,0,0,1,1,0,0,0,0,1,2,0,0,0,22,46,0,1,0,1,16,15,3,0,0,0,6,0,0,0,0,0,4,1,16,0,0,1,0,0,3,1,1,1,0,0,0,0,0,0,0,3,0,0,0,0,0,1,1,0,1,0,0,0,0,0,0,0,2,2,4,0,0,0,0,0,0,23,29,0,1,1,0,0,0,2,0,0,2,0,0,0,0,1,0,4,0,2,5,2,2,2,7,16,0,11,203,0,1,1,5,0,0,0,0,0,0,0,265,10,4,7,0,0,0,0,3,1,1,0,3,25,2,12,3,468,5,266,0,5,0,0,0,0,0,1,0,0,1,0,2,0,7,1,5,0,23,0,3,5,1,1,1,0,0,0,1,0,0,0,0,0,0,0,0,0,0,0,0,0,0,1,0,2,0,0,0,0,4,0,0,0,2,0,0,0,0,0,1,73,93,0,0,4,0,0,2,0,2,2,0,1,8,1,0,1,0,1,5,0,0,0,0,0,0,0,0,0,1,0,1,0,2,0,6,1,0,2,0,0,0,6,0,0,1,1,0,10,7,0,0,4,11,3,1,0,0,2,2,1,0,4,1,0,2,0,1,4,3,0,0,0,1,1,0,0,0,0,0,6,0,0,0,6,0,0,5018,0,0,0,2,0,0,0,4,0,0,1,79,0,0,2,0,2,0,0,14,2,0,4,1,0,0,18,0,0,0,0,0,2,0,0,0,2,23,12,0,0,0,0,2,0,3,0,0,0,5,0,0,1,0,0,0,93,0,57,2,0,3,0,0,0,0,0,0,0,2,1,5,0,1,2,0,0,0,106,0,0,0,2,0,0,6,322,191,2,244,0,1,2,6,2,0,1,0,0,0,0,1,1,3,34,60,0,0,0,0,0,1,0,5,0,0,1,1,4,0,0,0,522,1,0,2,0,0,20,1,13,0,0,0,0,7,0,0,0,11,0,0,0,0,0,0,0,0,0,0,0,0,15,7,0,0,0,0,0,1,0,452,0,5,1,0,2,1,3,0,161,0,2,0,0,105,0,25,0,1,0,11,2,4,0,20,0,0,0,0,1,5,19,0,0,0,0,0,1,0,7,7,2,7,13,0,3,1,0,10,4,1,27,2,2,1,41,0,2,1,5,0,1,1,0,1,2,0,1,2,2,0,0,0,0,8,0,2,7,0,0,3,5,0,2,0,1,8,1,2,0,0,0,55,22,0,627,2,6400,0,1,0,0,0,7,0,0,0,1,3,5,0,1,0,0,0,1,0,0,0,0,0,0,0,0,0,0,0,4,1,1,0,0,1,1,0,2,2,0,3,43,0,0,1,0,2849,0,15188,5,7,0,1,0,0,0,1328,1,0,1,0,1,5,0,0,2,0,1,0,0,2,3,0,0,0,1,0,0,1,0,0,0,0,0,0,1,0,0,0,1,1,9,0,0,1,1,0,5,0,0,1,0,2,16,10,0,6,0,0,0,0,0,0,0,0,1,0,0,1,27,1,0,0,8,1,21,0,0,0,1,1,0,0,0,0,0,0,5238,0,0,2
CC9,83150,1,1,1,2,0,0,2,0,5,0,4,0,0,1,3,2,6,0,2,0,2,6,7,1,0,0,0,4,1,1,0,36,2440,28,0,20,0,64,3,0,6,0,39,8,3,651,0,0,0,70,35,15,14,1,2,7,2,51,1,5,4,4,27,4,0,1,2,5,631,3,17,0,803,51,0,0,0,0,0,1,63,0,0,62,3,14,6,2,0,0,0,0,210,0,0,10,217,0,1,1,2,8,49,1,74,0,0,3,4,7,0,6,3,0,277,0,215,0,0,1,2,1813,0,4,1,2,2,0,1,3,76,2,1,0,0,2,0,1,24,1,0,2,49,0,3,0,3,4,0,0,2,0,0,0,2,0,0,0,0,6,0,2,0,7573,0,1,46096,0,0,2,244,0,19271,0,3,0,1,0,657,0,1,2,1,2,1,11,0,14,1,15,1,0,2,0,0,0,0,0,0,0,2,1,0,0,0,0,0,2,0,0,1,18,54,0,1,0,1,19,17,3,0,0,0,7,0,0,0,0,0,4,1,20,0,0,1,0,1,4,0,1,3,0,0,0,0,0,0,0,4,0,1,0,0,0,1,1,0,1,0,0,0,0,1,0,0,1,2,1,0,1,0,0,0,0,30,27,0,2,1,0,1,0,1,0,0,0,0,0,0,1,2,0,6,0,2,6,1,3,1,2,23,0,10,169,0,2,1,8,0,1,1,0,0,0,0,227,7,5,9,0,0,0,0,1,1,1,0,0,14,1,11,5,362,8,232,0,3,0,0,0,0,0,0,0,0,1,0,2,1,10,1,5,0,16,0,2,4,1,2,1,0,1,0,1,0,0,1,0,0,0,0,0,0,0,0,0,0,0,2,1,2,0,1,0,0,6,0,0,0,1,0,0,0,0,0,2,97,88,0,0,3,0,0,3,0,2,0,0,1,6,0,0,0,0,0,5,0,0,0,0,0,0,0,0,0,1,0,1,0,1,0,4,1,0,0,0,0,0,4,0,0,2,0,0,5,6,1,0,4,11,2,2,1,0,4,1,0,0,5,1,0,4,0,1,2,5,1,0,0,2,1,0,0,2,0,0,2,0,0,1,3,0,0,4791,0,1,0,1,0,0,0,5,0,0,1,80,0,0,2,0,1,2,0,15,3,0,2,1,0,0,17,0,0,0,0,0,4,0,0,0,3,38,13,0,0,0,0,2,0,4,0,0,0,2,0,0,2,0,0,0,134,0,70,6,0,5,0,0,0,0,0,0,0,2,2,5,0,1,4,0,0,0,98,0,0,0,1,0,1,3,401,195,3,285,0,0,3,7,5,0,1,1,0,0,0,1,0,3,45,85,0,0,1,0,0,0,0,3,0,0,2,1,7,0,0,0,491,0,0,1,0,0,20,3,8,0,0,0,0,4,0,0,0,13,0,0,0,0,0,0,0,0,0,0,0,0,15,6,0,0,0,0,0,3,0,534,0,7,2,0,3,1,3,0,177,0,3,0,0,117,0,29,0,1,0,14,3,5,0,23,0,0,0,0,2,6,19,0,0,0,0,1,1,0,9,8,2,8,14,0,4,1,1,11,3,0,31,2,2,2,48,0,1,1,3,0,1,3,0,1,1,0,1,1,1,0,0,0,0,11,0,2,4,0,0,2,3,0,2,0,1,7,2,5,0,0,0,54,13,0,580,3,5360,0,2,0,0,0,8,0,0,0,0,0,5,0,1,0,1,0,0,0,0,0,0,1,0,0,0,0,0,0,4,2,0,0,0,1,0,0,2,2,0,3,49,1,0,1,0,3532,0,17948,3,10,1,1,0,0,1,1593,1,0,0,0,1,4,0,0,3,0,1,0,0,1,2,0,0,0,1,1,0,0,0,0,0,0,0,0,0,0,0,0,0,0,8,0,0,0,2,0,6,0,0,1,0,2,15,12,0,7,0,0,0,0,1,0,0,0,1,0,2,3,22,1,0,0,8,1,25,0,0,0,2,1,0,0,0,0,0,0,4226,0,0,0
