,A,AACCT,AATGG,ACGCCAGAGCACGCCAGTGC,AGG,AACCTTGGCG,AACAG,C,ACGCCAGAGC,AAAAATAACAAC,AAG,ACGCCAGTGC,AATCTGGAATGGAATGG,AGCCTG,AAAG,AAGCCAGTGCAGC,AAGAGCACGCCAGTGCACGC,AAAATAGG,ACAGC,AG,AAAAG,AAGAG,ATCC,AAC,ACAGGAGAGC,AC,AAGGAG,ACAGGAGACC,AAAAAGAAGATAGTAGG,AAGTGCACGCCAGAGCACGC,AACAAG,AAATAGG,ACACCGAGGCTCCAGCTACT,AATGCACGCC,AATGCACGCCAGAGCACGCC,ACACCGAGTCTCCAGCTACT,AACGGTACGG,ACT,AATTCACACCAGAGCACGCC
A,0.033670034,0,0,0,0,0,0.0002815,0,0,0.001052756,0,0,0,0,0,0,0,0,0,0,0,0,0,0,0,0,0,0,0,0,0,0,0,0,0,0,0,0,0
AACCT,NA,0.68287037,0,0,0,0,0,0,0,0,0,0,0,0,0,0,0,0,0,0,0,0,0,0,0,0,0,0,0,0,0,0,0,0,0,0,0,0,0
AATGG,NA,NA,0.430847503,0,0.000920768,0,0.000210034,0,0,0,0,0,0.002079135,0,0,0,0,0.000713495,0,0,0,0,0,0,0,0,0,0,0,0,0,0.001083718,0,0,0,0,0,0,0
ACGCCAGAGCACGCCAGTGC,NA,NA,NA,0.081049774,0,0,0,0.000390178,0.004859789,0,0,0.003115296,0,0,0,0,0.003843873,0,0,0,0,0,0,0,0,0,0,0,0,0.001751491,0,0,0,0,0.00042228,0,0,0,0.001675873
AGG,NA,NA,NA,NA,0.297365755,0,0,0.001459623,0,0,0,0,0.001906488,0,0,0,0,0.000981372,0,0,0,0,0,0,0,0,0.00272943,0,0,0,0,0,0,0,0,0,0,0,0
AACCTTGGCG,NA,NA,NA,NA,NA,0.189296127,0,0,0,0.000979623,0,0,0,0,0,0,0,0,0,0,0,0,0,0,0,0,0.001237427,0,0,0,0,0,0,0,0,0,0,0,0
AACAG,NA,NA,NA,NA,NA,NA,0.179571664,0,0,0,0,0,0,0,0,0,0,0.00111929,0.004506771,0,0.017113719,0.009664292,0,0,0,0,0,0,0,0,0,0,0,0,0,0,0,0,0
C,NA,NA,NA,NA,NA,NA,NA,0.003738318,0,0,0,0,0,0,0,0,0,0,0,0,0,0,0,0,0,0,0,0,0,0,0,0,0,0,0,0,0,0,0
ACGCCAGAGC,NA,NA,NA,NA,NA,NA,NA,NA,0.017290049,0,0,0.000511914,0,0,0,0,0.000324353,0,0,0,0,0,0,0,0,0,0,0,0,0.000546838,0,0,0,0.001188037,0.00263683,0,0,0,0
AAAAATAACAAC,NA,NA,NA,NA,NA,NA,NA,NA,NA,0.275345622,0,0,0,0,0,0,0,0,0,0,0,0,0,0,0,0,0,0,0,0,0,0,0,0,0,0,0,0,0
AAG,NA,NA,NA,NA,NA,NA,NA,NA,NA,NA,0.169039146,0,0,0,0,0,0,0,0,0,0,0,0,0,0,0,0,0,0,0,0.008942662,0,0,0,0,0,0,0,0
ACGCCAGTGC,NA,NA,NA,NA,NA,NA,NA,NA,NA,NA,NA,0.050872633,0,0,0,0,0.000941121,0,0,0,0,0,0,0,0,0,0,0,0,0.000793334,0,0,0,0,0,0,0,0,0
AATCTGGAATGGAATGG,NA,NA,NA,NA,NA,NA,NA,NA,NA,NA,NA,NA,0.29955157,0,0,0,0,0,0,0,0,0,0,0,0,0,0,0,0,0,0,0,0,0,0,0,0,0,0
AGCCTG,NA,NA,NA,NA,NA,NA,NA,NA,NA,NA,NA,NA,NA,0.449186992,0,0,0,0,0,0,0,0,0,0,0,0,0,0,0,0,0,0,0,0,0,0,0,0,0
AAAG,NA,NA,NA,NA,NA,NA,NA,NA,NA,NA,NA,NA,NA,NA,0.446808511,0,0,0,0,0,0,0,0,0,0,0,0,0,0,0,0,0,0,0,0,0,0,0,0
AAGCCAGTGCAGC,NA,NA,NA,NA,NA,NA,NA,NA,NA,NA,NA,NA,NA,NA,NA,0.168654174,0,0,0,0,0,0,0,0,0,0,0,0,0,0,0,0,0,0,0,0,0,0,0
AAGAGCACGCCAGTGCACGC,NA,NA,NA,NA,NA,NA,NA,NA,NA,NA,NA,NA,NA,NA,NA,NA,0.103756708,0,0,0,0,0,0,0,0,0,0,0,0,0,0,0,0,0,0,0,0,0,0
AAAATAGG,NA,NA,NA,NA,NA,NA,NA,NA,NA,NA,NA,NA,NA,NA,NA,NA,NA,0.041825095,0,0,0,0,0,0,0,0,0,0,0,0,0,0.046201884,0,0,0,0,0,0,0
ACAGC,NA,NA,NA,NA,NA,NA,NA,NA,NA,NA,NA,NA,NA,NA,NA,NA,NA,NA,0.47260274,0,0,0,0,0,0,0,0,0,0,0,0,0,0,0,0,0,0,0,0
AG,NA,NA,NA,NA,NA,NA,NA,NA,NA,NA,NA,NA,NA,NA,NA,NA,NA,NA,NA,0.024242424,0,0,0,0,0,0,0,0,0,0,0,0,0,0,0,0,0,0,0
AAAAG,NA,NA,NA,NA,NA,NA,NA,NA,NA,NA,NA,NA,NA,NA,NA,NA,NA,NA,NA,NA,0.180555556,0,0,0,0,0,0,0,0,0,0,0,0,0,0,0,0,0,0
AAGAG,NA,NA,NA,NA,NA,NA,NA,NA,NA,NA,NA,NA,NA,NA,NA,NA,NA,NA,NA,NA,NA,0.637795276,0,0,0,0,0,0,0,0,0,0,0,0,0,0,0,0,0
ATCC,NA,NA,NA,NA,NA,NA,NA,NA,NA,NA,NA,NA,NA,NA,NA,NA,NA,NA,NA,NA,NA,NA,0.487603306,0,0,0,0,0,0,0,0,0,0,0,0,0,0,0,0
AAC,NA,NA,NA,NA,NA,NA,NA,NA,NA,NA,NA,NA,NA,NA,NA,NA,NA,NA,NA,NA,NA,NA,NA,0.006451613,0,0,0,0,0,0,0,0,0,0,0,0,0,0,0
ACAGGAGAGC,NA,NA,NA,NA,NA,NA,NA,NA,NA,NA,NA,NA,NA,NA,NA,NA,NA,NA,NA,NA,NA,NA,NA,NA,0.050802139,0,0,0.01236076,0,0,0,0,0,0,0,0,0,0,0
AC,NA,NA,NA,NA,NA,NA,NA,NA,NA,NA,NA,NA,NA,NA,NA,NA,NA,NA,NA,NA,NA,NA,NA,NA,NA,0.1125,0,0,0,0,0,0,0,0,0,0,0,0,0
AAGGAG,NA,NA,NA,NA,NA,NA,NA,NA,NA,NA,NA,NA,NA,NA,NA,NA,NA,NA,NA,NA,NA,NA,NA,NA,NA,NA,0.338235294,0,0,0,0,0,0,0,0,0,0,0,0
ACAGGAGACC,NA,NA,NA,NA,NA,NA,NA,NA,NA,NA,NA,NA,NA,NA,NA,NA,NA,NA,NA,NA,NA,NA,NA,NA,NA,NA,NA,0.021428571,0,0,0,0,0,0,0,0,0,0,0
AAAAAGAAGATAGTAGG,NA,NA,NA,NA,NA,NA,NA,NA,NA,NA,NA,NA,NA,NA,NA,NA,NA,NA,NA,NA,NA,NA,NA,NA,NA,NA,NA,NA,0.291479821,0,0,0,0,0,0,0,0,0,0
AAGTGCACGCCAGAGCACGC,NA,NA,NA,NA,NA,NA,NA,NA,NA,NA,NA,NA,NA,NA,NA,NA,NA,NA,NA,NA,NA,NA,NA,NA,NA,NA,NA,NA,NA,0.074576271,0,0,0,0,0,0,0,0,0
AACAAG,NA,NA,NA,NA,NA,NA,NA,NA,NA,NA,NA,NA,NA,NA,NA,NA,NA,NA,NA,NA,NA,NA,NA,NA,NA,NA,NA,NA,NA,NA,0.404494382,0,0,0,0,0,0,0,0
AAATAGG,NA,NA,NA,NA,NA,NA,NA,NA,NA,NA,NA,NA,NA,NA,NA,NA,NA,NA,NA,NA,NA,NA,NA,NA,NA,NA,NA,NA,NA,NA,NA,0.01754386,0,0,0,0,0,0,0
ACACCGAGGCTCCAGCTACT,NA,NA,NA,NA,NA,NA,NA,NA,NA,NA,NA,NA,NA,NA,NA,NA,NA,NA,NA,NA,NA,NA,NA,NA,NA,NA,NA,NA,NA,NA,NA,NA,0.220973783,0,0,0,0,0,0
AATGCACGCC,NA,NA,NA,NA,NA,NA,NA,NA,NA,NA,NA,NA,NA,NA,NA,NA,NA,NA,NA,NA,NA,NA,NA,NA,NA,NA,NA,NA,NA,NA,NA,NA,NA,0.016,0,0,0,0,0
AATGCACGCCAGAGCACGCC,NA,NA,NA,NA,NA,NA,NA,NA,NA,NA,NA,NA,NA,NA,NA,NA,NA,NA,NA,NA,NA,NA,NA,NA,NA,NA,NA,NA,NA,NA,NA,NA,NA,NA,0.019704433,0,0,0,0
ACACCGAGTCTCCAGCTACT,NA,NA,NA,NA,NA,NA,NA,NA,NA,NA,NA,NA,NA,NA,NA,NA,NA,NA,NA,NA,NA,NA,NA,NA,NA,NA,NA,NA,NA,NA,NA,NA,NA,NA,NA,0.289215686,0,0,0
AACGGTACGG,NA,NA,NA,NA,NA,NA,NA,NA,NA,NA,NA,NA,NA,NA,NA,NA,NA,NA,NA,NA,NA,NA,NA,NA,NA,NA,NA,NA,NA,NA,NA,NA,NA,NA,NA,NA,0.333333333,0,0
ACT,NA,NA,NA,NA,NA,NA,NA,NA,NA,NA,NA,NA,NA,NA,NA,NA,NA,NA,NA,NA,NA,NA,NA,NA,NA,NA,NA,NA,NA,NA,NA,NA,NA,NA,NA,NA,NA,0.170212766,0
AATTCACACCAGAGCACGCC,NA,NA,NA,NA,NA,NA,NA,NA,NA,NA,NA,NA,NA,NA,NA,NA,NA,NA,NA,NA,NA,NA,NA,NA,NA,NA,NA,NA,NA,NA,NA,NA,NA,NA,NA,NA,NA,NA,0.017241379